USRDIR\009\ID00001,,1,Compress
USRDIR\009\ID00002,,2,Uncompress
USRDIR\009\ID00003,,3,Uncompress
USRDIR\009\ID00004,,4,Uncompress
USRDIR\009\ID00005,,5,Uncompress
USRDIR\009\ID00006,,6,Uncompress
USRDIR\009\ID00007,,7,Uncompress
USRDIR\009\ID00008,,8,Uncompress
USRDIR\009\ID00009,,9,Uncompress
USRDIR\009\ID00010,,10,Uncompress
USRDIR\009\ID00011,,11,Uncompress
USRDIR\009\ID00012,,12,Uncompress
USRDIR\009\ID00013,,13,Uncompress
USRDIR\009\ID00014,,14,Uncompress
USRDIR\009\ID00015,,15,Uncompress
USRDIR\009\ID00016,,16,Uncompress
USRDIR\009\ID00017,,17,Uncompress
USRDIR\009\ID00018,,18,Uncompress
USRDIR\009\ID00019,,19,Compress
USRDIR\009\ID00020,,20,Compress
USRDIR\009\ID00021,,21,Compress
USRDIR\009\ID00022,,22,Uncompress
USRDIR\009\ID00023,,23,Compress
USRDIR\009\ID00024,,24,Uncompress
USRDIR\009\ID00025,,25,Uncompress
USRDIR\009\ID00026,,26,Uncompress
USRDIR\009\ID00027,,27,Compress
USRDIR\009\ID00028,,28,Uncompress
USRDIR\009\ID00029,,29,Compress
USRDIR\009\ID00030,,30,Uncompress
USRDIR\009\ID00031,,31,Compress
USRDIR\009\ID00032,,32,Uncompress
USRDIR\009\ID00033,,33,Compress
USRDIR\009\ID00034,,34,Uncompress
USRDIR\009\ID00035,,35,Uncompress
USRDIR\009\ID00036,,36,Uncompress
USRDIR\009\ID00037,,37,Compress
USRDIR\009\ID00038,,38,Compress
USRDIR\009\ID00039,,39,Compress
USRDIR\009\ID00040,,40,Compress
USRDIR\009\ID00041,,41,Compress
USRDIR\009\ID00042,,42,Compress
USRDIR\009\ID00043,,43,Uncompress
USRDIR\009\ID00044,,44,Uncompress
USRDIR\009\ID00045,,45,Uncompress
USRDIR\009\ID00046,,46,Uncompress
USRDIR\009\ID00047,,47,Uncompress
USRDIR\009\ID00048,,48,Uncompress
USRDIR\009\ID00049,,49,Compress
USRDIR\009\ID00050,,50,Compress
USRDIR\009\ID00051,,51,Compress
USRDIR\009\ID00052,,52,Uncompress
USRDIR\009\ID00053,,53,Uncompress
USRDIR\009\ID00054,,54,Compress
USRDIR\009\ID00055,,55,Compress
USRDIR\009\ID00056,,56,Compress
USRDIR\009\ID00057,,57,Compress
USRDIR\009\ID00058,,58,Uncompress
USRDIR\009\ID00059,,59,Compress
USRDIR\009\ID00060,,60,Compress
USRDIR\009\ID00061,,61,Compress
USRDIR\009\ID00062,,62,Uncompress
USRDIR\009\ID00063,,63,Uncompress
USRDIR\009\ID00064,,64,Uncompress
USRDIR\009\ID00065,,65,Compress
USRDIR\009\ID00066,,66,Uncompress
USRDIR\009\ID00067,,67,Compress
USRDIR\009\ID00068,,68,Uncompress
USRDIR\009\ID00069,,69,Compress
USRDIR\009\ID00070,,70,Uncompress
USRDIR\009\ID00071,,71,Compress
USRDIR\009\ID00072,,72,Compress
USRDIR\009\ID00073,,73,Compress
USRDIR\009\ID00074,,74,Uncompress
USRDIR\009\ID00075,,75,Uncompress
USRDIR\009\ID00076,,76,Uncompress
USRDIR\009\ID00077,,77,Compress
USRDIR\009\ID00078,,78,Uncompress
USRDIR\009\ID00079,,79,Compress
USRDIR\009\ID00080,,80,Uncompress
USRDIR\009\ID00081,,81,Compress
USRDIR\009\ID00082,,82,Uncompress
USRDIR\009\ID00083,,83,Compress
USRDIR\009\ID00084,,84,Compress
USRDIR\009\ID00085,,85,Compress
USRDIR\009\ID00086,,86,Uncompress
USRDIR\009\ID00087,,87,Compress
USRDIR\009\ID00088,,88,Uncompress
USRDIR\009\ID00089,,89,Uncompress
USRDIR\009\ID00090,,90,Compress
USRDIR\009\ID00091,,91,Compress
USRDIR\009\ID00092,,92,Compress
USRDIR\009\ID00093,,93,Compress
USRDIR\009\ID00094,,94,Compress
USRDIR\009\ID00095,,95,Compress
USRDIR\009\ID00096,,96,Compress
USRDIR\009\ID00097,,97,Compress
USRDIR\009\ID00098,,98,Compress
USRDIR\009\ID00099,,99,Compress
USRDIR\009\ID00100,,100,Uncompress
USRDIR\009\ID00101,,101,Compress
USRDIR\009\ID00102,,102,Compress
USRDIR\009\ID00103,,103,Compress
USRDIR\009\ID00104,,104,Compress
USRDIR\009\ID00105,,105,Compress
USRDIR\009\ID00106,,106,Compress
USRDIR\009\ID00107,,107,Compress
USRDIR\009\ID00108,,108,Compress
USRDIR\009\ID00109,,109,Compress
USRDIR\009\ID00110,,110,Compress
USRDIR\009\ID00111,,111,Compress
USRDIR\009\ID00112,,112,Compress
USRDIR\009\ID00113,,113,Compress
USRDIR\009\ID00114,,114,Compress
USRDIR\009\ID00115,,115,Compress
USRDIR\009\ID00116,,116,Compress
USRDIR\009\ID00117,,117,Compress
USRDIR\009\ID00118,,118,Compress
USRDIR\009\ID00119,,119,Compress
USRDIR\009\ID00120,,120,Compress
USRDIR\009\ID00121,,121,Compress
USRDIR\009\ID00122,,122,Uncompress
USRDIR\009\ID00123,,123,Compress
USRDIR\009\ID00124,,124,Compress
USRDIR\009\ID00125,,125,Compress
USRDIR\009\ID00126,,126,Compress
USRDIR\009\ID00127,,127,Compress
USRDIR\009\ID00128,,128,Compress
USRDIR\009\ID00129,,129,Compress
USRDIR\009\ID00130,,130,Compress
USRDIR\009\ID00131,,131,Compress
USRDIR\009\ID00132,,132,Compress
USRDIR\009\ID00133,,133,Compress
USRDIR\009\ID00134,,134,Compress
USRDIR\009\ID00135,,135,Compress
USRDIR\009\ID00136,,136,Compress
USRDIR\009\ID00137,,137,Compress
USRDIR\009\ID00138,,138,Compress
USRDIR\009\ID00139,,139,Compress
USRDIR\009\ID00140,,140,Compress
USRDIR\009\ID00141,,141,Compress
USRDIR\009\ID00142,,142,Compress
USRDIR\009\ID00143,,143,Compress
USRDIR\009\ID00144,,144,Compress
USRDIR\009\ID00145,,145,Compress
USRDIR\009\ID00146,,146,Uncompress
USRDIR\009\ID00147,,147,Compress
USRDIR\009\ID00148,,148,Compress
USRDIR\009\ID00149,,149,Compress
USRDIR\009\ID00150,,150,Compress
USRDIR\009\ID00151,,151,Compress
USRDIR\009\ID00152,,152,Uncompress
USRDIR\009\ID00153,,153,Compress
USRDIR\009\ID00154,,154,Compress
USRDIR\009\ID00155,,155,Compress
USRDIR\009\ID00156,,156,Compress
USRDIR\009\ID00157,,157,Compress
USRDIR\009\ID00158,,158,Compress
USRDIR\009\ID00159,,159,Compress
USRDIR\009\ID00160,,160,Compress
USRDIR\009\ID00161,,161,Compress
USRDIR\009\ID00162,,162,Compress
USRDIR\009\ID00163,,163,Compress
USRDIR\009\ID00164,,164,Compress
USRDIR\009\ID00165,,165,Compress
USRDIR\009\ID00166,,166,Compress
USRDIR\009\ID00167,,167,Compress
USRDIR\009\ID00168,,168,Compress
USRDIR\009\ID00169,,169,Compress
USRDIR\009\ID00170,,170,Compress
USRDIR\009\ID00171,,171,Compress
USRDIR\009\ID00172,,172,Compress
USRDIR\009\ID00173,,173,Compress
USRDIR\009\ID00174,,174,Uncompress
USRDIR\009\ID00175,,175,Compress
USRDIR\009\ID00176,,176,Compress
USRDIR\009\ID00177,,177,Compress
USRDIR\009\ID00178,,178,Compress
USRDIR\009\ID00179,,179,Compress
USRDIR\009\ID00180,,180,Compress
USRDIR\009\ID00181,,181,Compress
USRDIR\009\ID00182,,182,Compress
USRDIR\009\ID00183,,183,Compress
USRDIR\009\ID00184,,184,Compress
USRDIR\009\ID00185,,185,Compress
USRDIR\009\ID00186,,186,Compress
USRDIR\009\ID00187,,187,Compress
USRDIR\009\ID00188,,188,Compress
USRDIR\009\ID00189,,189,Compress
USRDIR\009\ID00190,,190,Uncompress
USRDIR\009\ID00191,,191,Compress
USRDIR\009\ID00192,,192,Compress
USRDIR\009\ID00193,,193,Compress
USRDIR\009\ID00194,,194,Compress
USRDIR\009\ID00195,,195,Compress
USRDIR\009\ID00196,,196,Uncompress
USRDIR\009\ID00197,,197,Compress
USRDIR\009\ID00198,,198,Compress
USRDIR\009\ID00199,,199,Compress
USRDIR\009\ID00200,,200,Compress
USRDIR\009\ID00201,,201,Compress
USRDIR\009\ID00202,,202,Compress
USRDIR\009\ID00203,,203,Compress
USRDIR\009\ID00204,,204,Compress
USRDIR\009\ID00205,,205,Compress
USRDIR\009\ID00206,,206,Compress
USRDIR\009\ID00207,,207,Compress
USRDIR\009\ID00208,,208,Compress
USRDIR\009\ID00209,,209,Compress
USRDIR\009\ID00210,,210,Compress
USRDIR\009\ID00211,,211,Compress
USRDIR\009\ID00212,,212,Compress
USRDIR\009\ID00213,,213,Compress
USRDIR\009\ID00214,,214,Compress
USRDIR\009\ID00215,,215,Compress
USRDIR\009\ID00216,,216,Compress
USRDIR\009\ID00217,,217,Compress
USRDIR\009\ID00218,,218,Uncompress
USRDIR\009\ID00219,,219,Compress
USRDIR\009\ID00220,,220,Compress
USRDIR\009\ID00221,,221,Compress
USRDIR\009\ID00222,,222,Compress
USRDIR\009\ID00223,,223,Compress
USRDIR\009\ID00224,,224,Compress
USRDIR\009\ID00225,,225,Compress
USRDIR\009\ID00226,,226,Compress
USRDIR\009\ID00227,,227,Compress
USRDIR\009\ID00228,,228,Compress
USRDIR\009\ID00229,,229,Compress
USRDIR\009\ID00230,,230,Compress
USRDIR\009\ID00231,,231,Compress
USRDIR\009\ID00232,,232,Compress
USRDIR\009\ID00233,,233,Compress
USRDIR\009\ID00234,,234,Compress
USRDIR\009\ID00235,,235,Compress
USRDIR\009\ID00236,,236,Compress
USRDIR\009\ID00237,,237,Compress
USRDIR\009\ID00238,,238,Compress
USRDIR\009\ID00239,,239,Compress
USRDIR\009\ID00240,,240,Uncompress
USRDIR\009\ID00241,,241,Compress
USRDIR\009\ID00242,,242,Compress
USRDIR\009\ID00243,,243,Compress
USRDIR\009\ID00244,,244,Compress
USRDIR\009\ID00245,,245,Compress
USRDIR\009\ID00246,,246,Compress
USRDIR\009\ID00247,,247,Compress
USRDIR\009\ID00248,,248,Compress
USRDIR\009\ID00249,,249,Compress
USRDIR\009\ID00250,,250,Compress
USRDIR\009\ID00251,,251,Compress
USRDIR\009\ID00252,,252,Compress
USRDIR\009\ID00253,,253,Compress
USRDIR\009\ID00254,,254,Compress
USRDIR\009\ID00255,,255,Compress
USRDIR\009\ID00256,,256,Compress
USRDIR\009\ID00257,,257,Compress
USRDIR\009\ID00258,,258,Compress
USRDIR\009\ID00259,,259,Compress
USRDIR\009\ID00260,,260,Compress
USRDIR\009\ID00261,,261,Compress
USRDIR\009\ID00262,,262,Uncompress
USRDIR\009\ID00263,,263,Compress
USRDIR\009\ID00264,,264,Compress
USRDIR\009\ID00265,,265,Compress
USRDIR\009\ID00266,,266,Compress
USRDIR\009\ID00267,,267,Compress
USRDIR\009\ID00268,,268,Compress
USRDIR\009\ID00269,,269,Compress
USRDIR\009\ID00270,,270,Compress
USRDIR\009\ID00271,,271,Compress
USRDIR\009\ID00272,,272,Compress
USRDIR\009\ID00273,,273,Compress
USRDIR\009\ID00274,,274,Compress
USRDIR\009\ID00275,,275,Compress
USRDIR\009\ID00276,,276,Compress
USRDIR\009\ID00277,,277,Compress
USRDIR\009\ID00278,,278,Compress
USRDIR\009\ID00279,,279,Compress
USRDIR\009\ID00280,,280,Compress
USRDIR\009\ID00281,,281,Compress
USRDIR\009\ID00282,,282,Compress
USRDIR\009\ID00283,,283,Compress
USRDIR\009\ID00284,,284,Uncompress
USRDIR\009\ID00285,,285,Compress
USRDIR\009\ID00286,,286,Compress
USRDIR\009\ID00287,,287,Compress
USRDIR\009\ID00288,,288,Compress
USRDIR\009\ID00289,,289,Compress
USRDIR\009\ID00290,,290,Compress
USRDIR\009\ID00291,,291,Compress
USRDIR\009\ID00292,,292,Compress
USRDIR\009\ID00293,,293,Compress
USRDIR\009\ID00294,,294,Compress
USRDIR\009\ID00295,,295,Compress
USRDIR\009\ID00296,,296,Compress
USRDIR\009\ID00297,,297,Compress
USRDIR\009\ID00298,,298,Compress
USRDIR\009\ID00299,,299,Compress
USRDIR\009\ID00300,,300,Compress
USRDIR\009\ID00301,,301,Compress
USRDIR\009\ID00302,,302,Compress
USRDIR\009\ID00303,,303,Compress
USRDIR\009\ID00304,,304,Compress
USRDIR\009\ID00305,,305,Compress
USRDIR\009\ID00306,,306,Uncompress
USRDIR\009\ID00307,,307,Compress
USRDIR\009\ID00308,,308,Compress
USRDIR\009\ID00309,,309,Compress
USRDIR\009\ID00310,,310,Compress
USRDIR\009\ID00311,,311,Compress
USRDIR\009\ID00312,,312,Compress
USRDIR\009\ID00313,,313,Compress
USRDIR\009\ID00314,,314,Compress
USRDIR\009\ID00315,,315,Compress
USRDIR\009\ID00316,,316,Compress
USRDIR\009\ID00317,,317,Compress
USRDIR\009\ID00318,,318,Compress
USRDIR\009\ID00319,,319,Compress
USRDIR\009\ID00320,,320,Compress
USRDIR\009\ID00321,,321,Compress
USRDIR\009\ID00322,,322,Compress
USRDIR\009\ID00323,,323,Compress
USRDIR\009\ID00324,,324,Compress
USRDIR\009\ID00325,,325,Compress
USRDIR\009\ID00326,,326,Compress
USRDIR\009\ID00327,,327,Compress
USRDIR\009\ID00328,,328,Uncompress
USRDIR\009\ID00329,,329,Compress
USRDIR\009\ID00330,,330,Compress
USRDIR\009\ID00331,,331,Compress
USRDIR\009\ID00332,,332,Compress
USRDIR\009\ID00333,,333,Compress
USRDIR\009\ID00334,,334,Compress
USRDIR\009\ID00335,,335,Compress
USRDIR\009\ID00336,,336,Compress
USRDIR\009\ID00337,,337,Compress
USRDIR\009\ID00338,,338,Compress
USRDIR\009\ID00339,,339,Compress
USRDIR\009\ID00340,,340,Compress
USRDIR\009\ID00341,,341,Compress
USRDIR\009\ID00342,,342,Compress
USRDIR\009\ID00343,,343,Compress
USRDIR\009\ID00344,,344,Compress
USRDIR\009\ID00345,,345,Compress
USRDIR\009\ID00346,,346,Compress
USRDIR\009\ID00347,,347,Compress
USRDIR\009\ID00348,,348,Compress
USRDIR\009\ID00349,,349,Compress
USRDIR\009\ID00350,,350,Uncompress
USRDIR\009\ID00351,,351,Compress
USRDIR\009\ID00352,,352,Compress
USRDIR\009\ID00353,,353,Compress
USRDIR\009\ID00354,,354,Compress
USRDIR\009\ID00355,,355,Compress
USRDIR\009\ID00356,,356,Compress
USRDIR\009\ID00357,,357,Compress
USRDIR\009\ID00358,,358,Compress
USRDIR\009\ID00359,,359,Compress
USRDIR\009\ID00360,,360,Compress
USRDIR\009\ID00361,,361,Compress
USRDIR\009\ID00362,,362,Compress
USRDIR\009\ID00363,,363,Compress
USRDIR\009\ID00364,,364,Compress
USRDIR\009\ID00365,,365,Compress
USRDIR\009\ID00366,,366,Compress
USRDIR\009\ID00367,,367,Compress
USRDIR\009\ID00368,,368,Compress
USRDIR\009\ID00369,,369,Compress
USRDIR\009\ID00370,,370,Compress
USRDIR\009\ID00371,,371,Compress
USRDIR\009\ID00372,,372,Uncompress
USRDIR\009\ID00373,,373,Compress
USRDIR\009\ID00374,,374,Compress
USRDIR\009\ID00375,,375,Compress
USRDIR\009\ID00376,,376,Compress
USRDIR\009\ID00377,,377,Compress
USRDIR\009\ID00378,,378,Compress
USRDIR\009\ID00379,,379,Compress
USRDIR\009\ID00380,,380,Compress
USRDIR\009\ID00381,,381,Compress
USRDIR\009\ID00382,,382,Compress
USRDIR\009\ID00383,,383,Compress
USRDIR\009\ID00384,,384,Compress
USRDIR\009\ID00385,,385,Compress
USRDIR\009\ID00386,,386,Compress
USRDIR\009\ID00387,,387,Compress
USRDIR\009\ID00388,,388,Compress
USRDIR\009\ID00389,,389,Compress
USRDIR\009\ID00390,,390,Compress
USRDIR\009\ID00391,,391,Compress
USRDIR\009\ID00392,,392,Compress
USRDIR\009\ID00393,,393,Compress
USRDIR\009\ID00394,,394,Uncompress
USRDIR\009\ID00395,,395,Compress
USRDIR\009\ID00396,,396,Compress
USRDIR\009\ID00397,,397,Compress
USRDIR\009\ID00398,,398,Compress
USRDIR\009\ID00399,,399,Compress
USRDIR\009\ID00400,,400,Compress
USRDIR\009\ID00401,,401,Compress
USRDIR\009\ID00402,,402,Compress
USRDIR\009\ID00403,,403,Compress
USRDIR\009\ID00404,,404,Compress
USRDIR\009\ID00405,,405,Compress
USRDIR\009\ID00406,,406,Compress
USRDIR\009\ID00407,,407,Compress
USRDIR\009\ID00408,,408,Compress
USRDIR\009\ID00409,,409,Compress
USRDIR\009\ID00410,,410,Compress
USRDIR\009\ID00411,,411,Compress
USRDIR\009\ID00412,,412,Compress
USRDIR\009\ID00413,,413,Compress
USRDIR\009\ID00414,,414,Compress
USRDIR\009\ID00415,,415,Compress
USRDIR\009\ID00416,,416,Uncompress
USRDIR\009\ID00417,,417,Compress
USRDIR\009\ID00418,,418,Compress
USRDIR\009\ID00419,,419,Compress
USRDIR\009\ID00420,,420,Compress
USRDIR\009\ID00421,,421,Compress
USRDIR\009\ID00422,,422,Compress
USRDIR\009\ID00423,,423,Compress
USRDIR\009\ID00424,,424,Compress
USRDIR\009\ID00425,,425,Compress
USRDIR\009\ID00426,,426,Compress
USRDIR\009\ID00427,,427,Compress
USRDIR\009\ID00428,,428,Compress
USRDIR\009\ID00429,,429,Compress
USRDIR\009\ID00430,,430,Compress
USRDIR\009\ID00431,,431,Compress
USRDIR\009\ID00432,,432,Compress
USRDIR\009\ID00433,,433,Compress
USRDIR\009\ID00434,,434,Compress
USRDIR\009\ID00435,,435,Compress
USRDIR\009\ID00436,,436,Compress
USRDIR\009\ID00437,,437,Compress
USRDIR\009\ID00438,,438,Uncompress
USRDIR\009\ID00439,,439,Compress
USRDIR\009\ID00440,,440,Compress
USRDIR\009\ID00441,,441,Compress
USRDIR\009\ID00442,,442,Compress
USRDIR\009\ID00443,,443,Compress
USRDIR\009\ID00444,,444,Compress
USRDIR\009\ID00445,,445,Compress
USRDIR\009\ID00446,,446,Compress
USRDIR\009\ID00447,,447,Compress
USRDIR\009\ID00448,,448,Compress
USRDIR\009\ID00449,,449,Compress
USRDIR\009\ID00450,,450,Compress
USRDIR\009\ID00451,,451,Compress
USRDIR\009\ID00452,,452,Compress
USRDIR\009\ID00453,,453,Compress
USRDIR\009\ID00454,,454,Compress
USRDIR\009\ID00455,,455,Compress
USRDIR\009\ID00456,,456,Compress
USRDIR\009\ID00457,,457,Compress
USRDIR\009\ID00458,,458,Compress
USRDIR\009\ID00459,,459,Compress
USRDIR\009\ID00460,,460,Uncompress
USRDIR\009\ID00461,,461,Compress
USRDIR\009\ID00462,,462,Compress
USRDIR\009\ID00463,,463,Compress
USRDIR\009\ID00464,,464,Compress
USRDIR\009\ID00465,,465,Compress
USRDIR\009\ID00466,,466,Compress
USRDIR\009\ID00467,,467,Compress
USRDIR\009\ID00468,,468,Compress
USRDIR\009\ID00469,,469,Compress
USRDIR\009\ID00470,,470,Compress
USRDIR\009\ID00471,,471,Compress
USRDIR\009\ID00472,,472,Uncompress
USRDIR\009\ID00473,,473,Compress
USRDIR\009\ID00474,,474,Uncompress
USRDIR\009\ID00475,,475,Compress
USRDIR\009\ID00476,,476,Uncompress
USRDIR\009\ID00477,,477,Compress
USRDIR\009\ID00478,,478,Uncompress
USRDIR\009\ID00479,,479,Compress
USRDIR\009\ID00480,,480,Uncompress
USRDIR\009\ID00481,,481,Compress
USRDIR\009\ID00482,,482,Uncompress
USRDIR\009\ID00483,,483,Compress
USRDIR\009\ID00484,,484,Uncompress
USRDIR\009\ID00485,,485,Compress
USRDIR\009\ID00486,,486,Uncompress
USRDIR\009\ID00487,,487,Compress
USRDIR\009\ID00488,,488,Uncompress
USRDIR\009\ID00489,,489,Compress
USRDIR\009\ID00490,,490,Uncompress
USRDIR\009\ID00491,,491,Compress
USRDIR\009\ID00492,,492,Compress
USRDIR\009\ID00493,,493,Compress
USRDIR\009\ID00494,,494,Uncompress
USRDIR\009\ID00495,,495,Compress
USRDIR\009\ID00496,,496,Uncompress
USRDIR\009\ID00497,,497,Compress
USRDIR\009\ID00498,,498,Uncompress
USRDIR\009\ID00499,,499,Compress
USRDIR\009\ID00500,,500,Uncompress
USRDIR\009\ID00501,,501,Compress
USRDIR\009\ID00502,,502,Uncompress
USRDIR\009\ID00503,,503,Compress
USRDIR\009\ID00504,,504,Uncompress
USRDIR\009\ID00505,,505,Compress
USRDIR\009\ID00506,,506,Uncompress
USRDIR\009\ID00507,,507,Compress
USRDIR\009\ID00508,,508,Uncompress
USRDIR\009\ID00509,,509,Compress
USRDIR\009\ID00510,,510,Uncompress
USRDIR\009\ID00511,,511,Compress
USRDIR\009\ID00512,,512,Uncompress
USRDIR\009\ID00513,,513,Compress
USRDIR\009\ID00514,,514,Uncompress
USRDIR\009\ID00515,,515,Compress
USRDIR\009\ID00516,,516,Uncompress
USRDIR\009\ID00517,,517,Compress
USRDIR\009\ID00518,,518,Uncompress
USRDIR\009\ID00519,,519,Compress
USRDIR\009\ID00520,,520,Uncompress
USRDIR\009\ID00521,,521,Compress
USRDIR\009\ID00522,,522,Uncompress
USRDIR\009\ID00523,,523,Compress
USRDIR\009\ID00524,,524,Uncompress
USRDIR\009\ID00525,,525,Compress
USRDIR\009\ID00526,,526,Uncompress
USRDIR\009\ID00527,,527,Compress
USRDIR\009\ID00528,,528,Uncompress
USRDIR\009\ID00529,,529,Compress
USRDIR\009\ID00530,,530,Uncompress
USRDIR\009\ID00531,,531,Compress
USRDIR\009\ID00532,,532,Uncompress
USRDIR\009\ID00533,,533,Compress
USRDIR\009\ID00534,,534,Uncompress
USRDIR\009\ID00535,,535,Compress
USRDIR\009\ID00536,,536,Uncompress
USRDIR\009\ID00537,,537,Compress
USRDIR\009\ID00538,,538,Uncompress
USRDIR\009\ID00539,,539,Compress
USRDIR\009\ID00540,,540,Compress
USRDIR\009\ID00541,,541,Compress
USRDIR\009\ID00542,,542,Uncompress
USRDIR\009\ID00543,,543,Compress
USRDIR\009\ID00544,,544,Uncompress
USRDIR\009\ID00545,,545,Compress
USRDIR\009\ID00546,,546,Uncompress
USRDIR\009\ID00547,,547,Compress
USRDIR\009\ID00548,,548,Uncompress
USRDIR\009\ID00549,,549,Compress
USRDIR\009\ID00550,,550,Uncompress
USRDIR\009\ID00551,,551,Compress
USRDIR\009\ID00552,,552,Uncompress
USRDIR\009\ID00553,,553,Compress
USRDIR\009\ID00554,,554,Uncompress
USRDIR\009\ID00555,,555,Compress
USRDIR\009\ID00556,,556,Uncompress
USRDIR\009\ID00557,,557,Compress
USRDIR\009\ID00558,,558,Uncompress
USRDIR\009\ID00559,,559,Compress
USRDIR\009\ID00560,,560,Uncompress
USRDIR\009\ID00561,,561,Compress
USRDIR\009\ID00562,,562,Uncompress
USRDIR\009\ID00563,,563,Compress
USRDIR\009\ID00564,,564,Uncompress
USRDIR\009\ID00565,,565,Compress
USRDIR\009\ID00566,,566,Uncompress
USRDIR\009\ID00567,,567,Compress
USRDIR\009\ID00568,,568,Uncompress
USRDIR\009\ID00569,,569,Compress
USRDIR\009\ID00570,,570,Uncompress
USRDIR\009\ID00571,,571,Compress
USRDIR\009\ID00572,,572,Compress
USRDIR\009\ID00573,,573,Compress
USRDIR\009\ID00574,,574,Uncompress
USRDIR\009\ID00575,,575,Compress
USRDIR\009\ID00576,,576,Uncompress
USRDIR\009\ID00577,,577,Compress
USRDIR\009\ID00578,,578,Compress
USRDIR\009\ID00579,,579,Compress
USRDIR\009\ID00580,,580,Uncompress
USRDIR\009\ID00581,,581,Compress
USRDIR\009\ID00582,,582,Uncompress
USRDIR\009\ID00583,,583,Compress
USRDIR\009\ID00584,,584,Uncompress
USRDIR\009\ID00585,,585,Compress
USRDIR\009\ID00586,,586,Uncompress
USRDIR\009\ID00587,,587,Compress
USRDIR\009\ID00588,,588,Uncompress
USRDIR\009\ID00589,,589,Compress
USRDIR\009\ID00590,,590,Uncompress
USRDIR\009\ID00591,,591,Compress
USRDIR\009\ID00592,,592,Uncompress
USRDIR\009\ID00593,,593,Compress
USRDIR\009\ID00594,,594,Uncompress
USRDIR\009\ID00595,,595,Compress
USRDIR\009\ID00596,,596,Uncompress
USRDIR\009\ID00597,,597,Compress
USRDIR\009\ID00598,,598,Uncompress
USRDIR\009\ID00599,,599,Compress
USRDIR\009\ID00600,,600,Uncompress
USRDIR\009\ID00601,,601,Compress
USRDIR\009\ID00602,,602,Uncompress
USRDIR\009\ID00603,,603,Compress
USRDIR\009\ID00604,,604,Uncompress
USRDIR\009\ID00605,,605,Compress
USRDIR\009\ID00606,,606,Uncompress
USRDIR\009\ID00607,,607,Compress
USRDIR\009\ID00608,,608,Uncompress
USRDIR\009\ID00609,,609,Compress
USRDIR\009\ID00610,,610,Uncompress
USRDIR\009\ID00611,,611,Compress
USRDIR\009\ID00612,,612,Uncompress
USRDIR\009\ID00613,,613,Compress
USRDIR\009\ID00614,,614,Uncompress
USRDIR\009\ID00615,,615,Compress
USRDIR\009\ID00616,,616,Uncompress
USRDIR\009\ID00617,,617,Compress
USRDIR\009\ID00618,,618,Compress
USRDIR\009\ID00619,,619,Compress
USRDIR\009\ID00620,,620,Compress
USRDIR\009\ID00621,,621,Compress
USRDIR\009\ID00622,,622,Compress
USRDIR\009\ID00623,,623,Compress
USRDIR\009\ID00624,,624,Compress
USRDIR\009\ID00625,,625,Compress
USRDIR\009\ID00626,,626,Uncompress
USRDIR\009\ID00627,,627,Compress
USRDIR\009\ID00628,,628,Uncompress
USRDIR\009\ID00629,,629,Compress
USRDIR\009\ID00630,,630,Uncompress
USRDIR\009\ID00631,,631,Compress
USRDIR\009\ID00632,,632,Uncompress
USRDIR\009\ID00633,,633,Compress
USRDIR\009\ID00634,,634,Uncompress
USRDIR\009\ID00635,,635,Compress
USRDIR\009\ID00636,,636,Uncompress
USRDIR\009\ID00637,,637,Compress
USRDIR\009\ID00638,,638,Uncompress
USRDIR\009\ID00639,,639,Compress
USRDIR\009\ID00640,,640,Uncompress
USRDIR\009\ID00641,,641,Compress
USRDIR\009\ID00642,,642,Uncompress
USRDIR\009\ID00643,,643,Compress
USRDIR\009\ID00644,,644,Uncompress
USRDIR\009\ID00645,,645,Compress
USRDIR\009\ID00646,,646,Uncompress
USRDIR\009\ID00647,,647,Compress
USRDIR\009\ID00648,,648,Uncompress
USRDIR\009\ID00649,,649,Compress
USRDIR\009\ID00650,,650,Uncompress
USRDIR\009\ID00651,,651,Compress
USRDIR\009\ID00652,,652,Uncompress
USRDIR\009\ID00653,,653,Compress
USRDIR\009\ID00654,,654,Uncompress
USRDIR\009\ID00655,,655,Compress
USRDIR\009\ID00656,,656,Uncompress
USRDIR\009\ID00657,,657,Compress
USRDIR\009\ID00658,,658,Uncompress
USRDIR\009\ID00659,,659,Compress
USRDIR\009\ID00660,,660,Uncompress
USRDIR\009\ID00661,,661,Compress
USRDIR\009\ID00662,,662,Uncompress
USRDIR\009\ID00663,,663,Compress
USRDIR\009\ID00664,,664,Uncompress
USRDIR\009\ID00665,,665,Compress
USRDIR\009\ID00666,,666,Uncompress
USRDIR\009\ID00667,,667,Compress
USRDIR\009\ID00668,,668,Uncompress
USRDIR\009\ID00669,,669,Compress
USRDIR\009\ID00670,,670,Uncompress
USRDIR\009\ID00671,,671,Compress
USRDIR\009\ID00672,,672,Uncompress
USRDIR\009\ID00673,,673,Compress
USRDIR\009\ID00674,,674,Uncompress
USRDIR\009\ID00675,,675,Compress
USRDIR\009\ID00676,,676,Uncompress
USRDIR\009\ID00677,,677,Compress
USRDIR\009\ID00678,,678,Uncompress
USRDIR\009\ID00679,,679,Compress
USRDIR\009\ID00680,,680,Uncompress
USRDIR\009\ID00681,,681,Compress
USRDIR\009\ID00682,,682,Uncompress
USRDIR\009\ID00683,,683,Compress
USRDIR\009\ID00684,,684,Uncompress
USRDIR\009\ID00685,,685,Compress
USRDIR\009\ID00686,,686,Uncompress
USRDIR\009\ID00687,,687,Compress
USRDIR\009\ID00688,,688,Uncompress
USRDIR\009\ID00689,,689,Compress
USRDIR\009\ID00690,,690,Uncompress
USRDIR\009\ID00691,,691,Compress
USRDIR\009\ID00692,,692,Uncompress
USRDIR\009\ID00693,,693,Compress
USRDIR\009\ID00694,,694,Uncompress
USRDIR\009\ID00695,,695,Compress
USRDIR\009\ID00696,,696,Uncompress
USRDIR\009\ID00697,,697,Compress
USRDIR\009\ID00698,,698,Uncompress
USRDIR\009\ID00699,,699,Compress
USRDIR\009\ID00700,,700,Uncompress
USRDIR\009\ID00701,,701,Compress
USRDIR\009\ID00702,,702,Uncompress
USRDIR\009\ID00703,,703,Compress
USRDIR\009\ID00704,,704,Uncompress
USRDIR\009\ID00705,,705,Compress
USRDIR\009\ID00706,,706,Uncompress
USRDIR\009\ID00707,,707,Compress
USRDIR\009\ID00708,,708,Uncompress
USRDIR\009\ID00709,,709,Compress
USRDIR\009\ID00710,,710,Uncompress
USRDIR\009\ID00711,,711,Compress
USRDIR\009\ID00712,,712,Uncompress
USRDIR\009\ID00713,,713,Compress
USRDIR\009\ID00714,,714,Uncompress
USRDIR\009\ID00715,,715,Compress
USRDIR\009\ID00716,,716,Uncompress
USRDIR\009\ID00717,,717,Compress
USRDIR\009\ID00718,,718,Uncompress
USRDIR\009\ID00719,,719,Compress
USRDIR\009\ID00720,,720,Uncompress
USRDIR\009\ID00721,,721,Compress
USRDIR\009\ID00722,,722,Uncompress
USRDIR\009\ID00723,,723,Compress
USRDIR\009\ID00724,,724,Uncompress
USRDIR\009\ID00725,,725,Compress
USRDIR\009\ID00726,,726,Uncompress
USRDIR\009\ID00727,,727,Compress
USRDIR\009\ID00728,,728,Uncompress
USRDIR\009\ID00729,,729,Compress
USRDIR\009\ID00730,,730,Uncompress
USRDIR\009\ID00731,,731,Compress
USRDIR\009\ID00732,,732,Uncompress
USRDIR\009\ID00733,,733,Compress
USRDIR\009\ID00734,,734,Uncompress
USRDIR\009\ID00735,,735,Compress
USRDIR\009\ID00736,,736,Uncompress
USRDIR\009\ID00737,,737,Compress
USRDIR\009\ID00738,,738,Uncompress
USRDIR\009\ID00739,,739,Compress
USRDIR\009\ID00740,,740,Uncompress
USRDIR\009\ID00741,,741,Compress
USRDIR\009\ID00742,,742,Uncompress
USRDIR\009\ID00743,,743,Compress
USRDIR\009\ID00744,,744,Uncompress
USRDIR\009\ID00745,,745,Compress
USRDIR\009\ID00746,,746,Uncompress
USRDIR\009\ID00747,,747,Compress
USRDIR\009\ID00748,,748,Uncompress
USRDIR\009\ID00749,,749,Compress
USRDIR\009\ID00750,,750,Uncompress
USRDIR\009\ID00751,,751,Compress
USRDIR\009\ID00752,,752,Uncompress
USRDIR\009\ID00753,,753,Compress
USRDIR\009\ID00754,,754,Uncompress
USRDIR\009\ID00755,,755,Compress
USRDIR\009\ID00756,,756,Uncompress
USRDIR\009\ID00757,,757,Compress
USRDIR\009\ID00758,,758,Uncompress
USRDIR\009\ID00759,,759,Compress
USRDIR\009\ID00760,,760,Uncompress
USRDIR\009\ID00761,,761,Compress
USRDIR\009\ID00762,,762,Uncompress
USRDIR\009\ID00763,,763,Compress
USRDIR\009\ID00764,,764,Uncompress
USRDIR\009\ID00765,,765,Compress
USRDIR\009\ID00766,,766,Compress
USRDIR\009\ID00767,,767,Compress
USRDIR\009\ID00768,,768,Uncompress
USRDIR\009\ID00769,,769,Compress
USRDIR\009\ID00770,,770,Uncompress
USRDIR\009\ID00771,,771,Compress
USRDIR\009\ID00772,,772,Uncompress
USRDIR\009\ID00773,,773,Compress
USRDIR\009\ID00774,,774,Uncompress
USRDIR\009\ID00775,,775,Compress
USRDIR\009\ID00776,,776,Uncompress
USRDIR\009\ID00777,,777,Compress
USRDIR\009\ID00778,,778,Uncompress
USRDIR\009\ID00779,,779,Compress
USRDIR\009\ID00780,,780,Uncompress
USRDIR\009\ID00781,,781,Compress
USRDIR\009\ID00782,,782,Uncompress
USRDIR\009\ID00783,,783,Compress
USRDIR\009\ID00784,,784,Uncompress
USRDIR\009\ID00785,,785,Compress
USRDIR\009\ID00786,,786,Uncompress
USRDIR\009\ID00787,,787,Compress
USRDIR\009\ID00788,,788,Uncompress
USRDIR\009\ID00789,,789,Compress
USRDIR\009\ID00790,,790,Uncompress
USRDIR\009\ID00791,,791,Compress
USRDIR\009\ID00792,,792,Uncompress
USRDIR\009\ID00793,,793,Compress
USRDIR\009\ID00794,,794,Uncompress
USRDIR\009\ID00795,,795,Compress
USRDIR\009\ID00796,,796,Uncompress
USRDIR\009\ID00797,,797,Compress
USRDIR\009\ID00798,,798,Uncompress
USRDIR\009\ID00799,,799,Compress
USRDIR\009\ID00800,,800,Uncompress
USRDIR\009\ID00801,,801,Compress
USRDIR\009\ID00802,,802,Uncompress
USRDIR\009\ID00803,,803,Compress
USRDIR\009\ID00804,,804,Uncompress
USRDIR\009\ID00805,,805,Compress
USRDIR\009\ID00806,,806,Uncompress
USRDIR\009\ID00807,,807,Compress
USRDIR\009\ID00808,,808,Uncompress
USRDIR\009\ID00809,,809,Compress
USRDIR\009\ID00810,,810,Uncompress
USRDIR\009\ID00811,,811,Compress
USRDIR\009\ID00812,,812,Uncompress
USRDIR\009\ID00813,,813,Compress
USRDIR\009\ID00814,,814,Uncompress
USRDIR\009\ID00815,,815,Compress
USRDIR\009\ID00816,,816,Uncompress
USRDIR\009\ID00817,,817,Compress
USRDIR\009\ID00818,,818,Uncompress
USRDIR\009\ID00819,,819,Compress
USRDIR\009\ID00820,,820,Uncompress
USRDIR\009\ID00821,,821,Compress
USRDIR\009\ID00822,,822,Uncompress
USRDIR\009\ID00823,,823,Compress
USRDIR\009\ID00824,,824,Uncompress
USRDIR\009\ID00825,,825,Compress
USRDIR\009\ID00826,,826,Uncompress
USRDIR\009\ID00827,,827,Compress
USRDIR\009\ID00828,,828,Uncompress
USRDIR\009\ID00829,,829,Compress
USRDIR\009\ID00830,,830,Uncompress
USRDIR\009\ID00831,,831,Compress
USRDIR\009\ID00832,,832,Uncompress
USRDIR\009\ID00833,,833,Compress
USRDIR\009\ID00834,,834,Uncompress
USRDIR\009\ID00835,,835,Compress
USRDIR\009\ID00836,,836,Uncompress
USRDIR\009\ID00837,,837,Compress
USRDIR\009\ID00838,,838,Uncompress
USRDIR\009\ID00839,,839,Compress
USRDIR\009\ID00840,,840,Uncompress
USRDIR\009\ID00841,,841,Compress
USRDIR\009\ID00842,,842,Uncompress
USRDIR\009\ID00843,,843,Compress
USRDIR\009\ID00844,,844,Uncompress
USRDIR\009\ID00845,,845,Compress
USRDIR\009\ID00846,,846,Uncompress
USRDIR\009\ID00847,,847,Compress
USRDIR\009\ID00848,,848,Compress
USRDIR\009\ID00849,,849,Compress
USRDIR\009\ID00850,,850,Uncompress
USRDIR\009\ID00851,,851,Compress
USRDIR\009\ID00852,,852,Uncompress
USRDIR\009\ID00853,,853,Compress
USRDIR\009\ID00854,,854,Uncompress
USRDIR\009\ID00855,,855,Compress
USRDIR\009\ID00856,,856,Uncompress
USRDIR\009\ID00857,,857,Compress
USRDIR\009\ID00858,,858,Uncompress
USRDIR\009\ID00859,,859,Compress
USRDIR\009\ID00860,,860,Uncompress
USRDIR\009\ID00861,,861,Compress
USRDIR\009\ID00862,,862,Uncompress
USRDIR\009\ID00863,,863,Compress
USRDIR\009\ID00864,,864,Uncompress
USRDIR\009\ID00865,,865,Compress
USRDIR\009\ID00866,,866,Uncompress
USRDIR\009\ID00867,,867,Compress
USRDIR\009\ID00868,,868,Uncompress
USRDIR\009\ID00869,,869,Compress
USRDIR\009\ID00870,,870,Uncompress
USRDIR\009\ID00871,,871,Compress
USRDIR\009\ID00872,,872,Uncompress
USRDIR\009\ID00873,,873,Compress
USRDIR\009\ID00874,,874,Uncompress
USRDIR\009\ID00875,,875,Compress
USRDIR\009\ID00876,,876,Uncompress
USRDIR\009\ID00877,,877,Compress
USRDIR\009\ID00878,,878,Uncompress
USRDIR\009\ID00879,,879,Compress
USRDIR\009\ID00880,,880,Uncompress
USRDIR\009\ID00881,,881,Compress
USRDIR\009\ID00882,,882,Uncompress
USRDIR\009\ID00883,,883,Compress
USRDIR\009\ID00884,,884,Uncompress
USRDIR\009\ID00885,,885,Compress
USRDIR\009\ID00886,,886,Uncompress
USRDIR\009\ID00887,,887,Compress
USRDIR\009\ID00888,,888,Uncompress
USRDIR\009\ID00889,,889,Compress
USRDIR\009\ID00890,,890,Uncompress
USRDIR\009\ID00891,,891,Compress
USRDIR\009\ID00892,,892,Uncompress
USRDIR\009\ID00893,,893,Compress
USRDIR\009\ID00894,,894,Uncompress
USRDIR\009\ID00895,,895,Compress
USRDIR\009\ID00896,,896,Uncompress
USRDIR\009\ID00897,,897,Compress
USRDIR\009\ID00898,,898,Uncompress
USRDIR\009\ID00899,,899,Compress
USRDIR\009\ID00900,,900,Uncompress
USRDIR\009\ID00901,,901,Compress
USRDIR\009\ID00902,,902,Uncompress
USRDIR\009\ID00903,,903,Compress
USRDIR\009\ID00904,,904,Uncompress
USRDIR\009\ID00905,,905,Compress
USRDIR\009\ID00906,,906,Uncompress
USRDIR\009\ID00907,,907,Compress
USRDIR\009\ID00908,,908,Uncompress
USRDIR\009\ID00909,,909,Compress
USRDIR\009\ID00910,,910,Uncompress
USRDIR\009\ID00911,,911,Compress
USRDIR\009\ID00912,,912,Uncompress
USRDIR\009\ID00913,,913,Compress
USRDIR\009\ID00914,,914,Uncompress
USRDIR\009\ID00915,,915,Compress
USRDIR\009\ID00916,,916,Uncompress
USRDIR\009\ID00917,,917,Compress
USRDIR\009\ID00918,,918,Uncompress
USRDIR\009\ID00919,,919,Compress
USRDIR\009\ID00920,,920,Uncompress
USRDIR\009\ID00921,,921,Compress
USRDIR\009\ID00922,,922,Uncompress
USRDIR\009\ID00923,,923,Compress
USRDIR\009\ID00924,,924,Uncompress
USRDIR\009\ID00925,,925,Compress
USRDIR\009\ID00926,,926,Uncompress
USRDIR\009\ID00927,,927,Compress
USRDIR\009\ID00928,,928,Uncompress
USRDIR\009\ID00929,,929,Compress
USRDIR\009\ID00930,,930,Uncompress
USRDIR\009\ID00931,,931,Compress
USRDIR\009\ID00932,,932,Uncompress
USRDIR\009\ID00933,,933,Compress
USRDIR\009\ID00934,,934,Uncompress
USRDIR\009\ID00935,,935,Compress
USRDIR\009\ID00936,,936,Uncompress
USRDIR\009\ID00937,,937,Compress
USRDIR\009\ID00938,,938,Uncompress
USRDIR\009\ID00939,,939,Compress
USRDIR\009\ID00940,,940,Compress
USRDIR\009\ID00941,,941,Compress
USRDIR\009\ID00942,,942,Uncompress
USRDIR\009\ID00943,,943,Compress
USRDIR\009\ID00944,,944,Uncompress
USRDIR\009\ID00945,,945,Compress
USRDIR\009\ID00946,,946,Uncompress
USRDIR\009\ID00947,,947,Compress
USRDIR\009\ID00948,,948,Uncompress
USRDIR\009\ID00949,,949,Compress
USRDIR\009\ID00950,,950,Uncompress
USRDIR\009\ID00951,,951,Compress
USRDIR\009\ID00952,,952,Uncompress
USRDIR\009\ID00953,,953,Compress
USRDIR\009\ID00954,,954,Uncompress
USRDIR\009\ID00955,,955,Compress
USRDIR\009\ID00956,,956,Uncompress
USRDIR\009\ID00957,,957,Compress
USRDIR\009\ID00958,,958,Uncompress
USRDIR\009\ID00959,,959,Compress
USRDIR\009\ID00960,,960,Uncompress
USRDIR\009\ID00961,,961,Compress
USRDIR\009\ID00962,,962,Uncompress
USRDIR\009\ID00963,,963,Compress
USRDIR\009\ID00964,,964,Uncompress
USRDIR\009\ID00965,,965,Compress
USRDIR\009\ID00966,,966,Uncompress
USRDIR\009\ID00967,,967,Compress
USRDIR\009\ID00968,,968,Uncompress
USRDIR\009\ID00969,,969,Compress
USRDIR\009\ID00970,,970,Uncompress
USRDIR\009\ID00971,,971,Compress
USRDIR\009\ID00972,,972,Uncompress
USRDIR\009\ID00973,,973,Compress
USRDIR\009\ID00974,,974,Uncompress
USRDIR\009\ID00975,,975,Compress
USRDIR\009\ID00976,,976,Uncompress
USRDIR\009\ID00977,,977,Compress
USRDIR\009\ID00978,,978,Uncompress
USRDIR\009\ID00979,,979,Compress
USRDIR\009\ID00980,,980,Uncompress
USRDIR\009\ID00981,,981,Compress
USRDIR\009\ID00982,,982,Uncompress
USRDIR\009\ID00983,,983,Compress
USRDIR\009\ID00984,,984,Uncompress
USRDIR\009\ID00985,,985,Compress
USRDIR\009\ID00986,,986,Uncompress
USRDIR\009\ID00987,,987,Compress
USRDIR\009\ID00988,,988,Uncompress
USRDIR\009\ID00989,,989,Compress
USRDIR\009\ID00990,,990,Uncompress
USRDIR\009\ID00991,,991,Compress
USRDIR\009\ID00992,,992,Uncompress
USRDIR\009\ID00993,,993,Compress
USRDIR\009\ID00994,,994,Uncompress
USRDIR\009\ID00995,,995,Compress
USRDIR\009\ID00996,,996,Compress
USRDIR\009\ID00997,,997,Compress
USRDIR\009\ID00998,,998,Uncompress
USRDIR\009\ID00999,,999,Compress
USRDIR\009\ID01000,,1000,Uncompress
USRDIR\009\ID01001,,1001,Compress
USRDIR\009\ID01002,,1002,Uncompress
USRDIR\009\ID01003,,1003,Compress
USRDIR\009\ID01004,,1004,Uncompress
USRDIR\009\ID01005,,1005,Compress
USRDIR\009\ID01006,,1006,Uncompress
USRDIR\009\ID01007,,1007,Compress
USRDIR\009\ID01008,,1008,Uncompress
USRDIR\009\ID01009,,1009,Compress
USRDIR\009\ID01010,,1010,Uncompress
USRDIR\009\ID01011,,1011,Compress
USRDIR\009\ID01012,,1012,Uncompress
USRDIR\009\ID01013,,1013,Compress
USRDIR\009\ID01014,,1014,Uncompress
USRDIR\009\ID01015,,1015,Compress
USRDIR\009\ID01016,,1016,Uncompress
USRDIR\009\ID01017,,1017,Compress
USRDIR\009\ID01018,,1018,Uncompress
USRDIR\009\ID01019,,1019,Compress
USRDIR\009\ID01020,,1020,Uncompress
USRDIR\009\ID01021,,1021,Compress
USRDIR\009\ID01022,,1022,Uncompress
USRDIR\009\ID01023,,1023,Compress
USRDIR\009\ID01024,,1024,Uncompress
USRDIR\009\ID01025,,1025,Compress
USRDIR\009\ID01026,,1026,Uncompress
USRDIR\009\ID01027,,1027,Compress
USRDIR\009\ID01028,,1028,Uncompress
USRDIR\009\ID01029,,1029,Compress
USRDIR\009\ID01030,,1030,Uncompress
USRDIR\009\ID01031,,1031,Compress
USRDIR\009\ID01032,,1032,Uncompress
USRDIR\009\ID01033,,1033,Compress
USRDIR\009\ID01034,,1034,Uncompress
USRDIR\009\ID01035,,1035,Compress
USRDIR\009\ID01036,,1036,Uncompress
USRDIR\009\ID01037,,1037,Compress
USRDIR\009\ID01038,,1038,Uncompress
USRDIR\009\ID01039,,1039,Compress
USRDIR\009\ID01040,,1040,Uncompress
USRDIR\009\ID01041,,1041,Compress
USRDIR\009\ID01042,,1042,Uncompress
USRDIR\009\ID01043,,1043,Compress
USRDIR\009\ID01044,,1044,Compress
USRDIR\009\ID01045,,1045,Compress
USRDIR\009\ID01046,,1046,Uncompress
USRDIR\009\ID01047,,1047,Compress
USRDIR\009\ID01048,,1048,Uncompress
USRDIR\009\ID01049,,1049,Compress
USRDIR\009\ID01050,,1050,Uncompress
USRDIR\009\ID01051,,1051,Compress
USRDIR\009\ID01052,,1052,Uncompress
USRDIR\009\ID01053,,1053,Compress
USRDIR\009\ID01054,,1054,Uncompress
USRDIR\009\ID01055,,1055,Compress
USRDIR\009\ID01056,,1056,Uncompress
USRDIR\009\ID01057,,1057,Compress
USRDIR\009\ID01058,,1058,Uncompress
USRDIR\009\ID01059,,1059,Uncompress
USRDIR\009\ID01060,,1060,Uncompress
USRDIR\009\ID01061,,1061,Uncompress
USRDIR\009\ID01062,,1062,Uncompress
USRDIR\009\ID01063,,1063,Uncompress
USRDIR\009\ID01064,,1064,Uncompress
USRDIR\009\ID01065,,1065,Uncompress
USRDIR\009\ID01066,,1066,Uncompress
USRDIR\009\ID01067,,1067,Compress
USRDIR\009\ID01068,,1068,Uncompress
USRDIR\009\ID01069,,1069,Compress
USRDIR\009\ID01070,,1070,Uncompress
USRDIR\009\ID01071,,1071,Compress
USRDIR\009\ID01072,,1072,Uncompress
USRDIR\009\ID01073,,1073,Compress
USRDIR\009\ID01074,,1074,Uncompress
USRDIR\009\ID01075,,1075,Compress
USRDIR\009\ID01076,,1076,Uncompress
USRDIR\009\ID01077,,1077,Compress
USRDIR\009\ID01078,,1078,Uncompress
USRDIR\009\ID01079,,1079,Compress
USRDIR\009\ID01080,,1080,Uncompress
USRDIR\009\ID01081,,1081,Compress
USRDIR\009\ID01082,,1082,Uncompress
USRDIR\009\ID01083,,1083,Compress
USRDIR\009\ID01084,,1084,Uncompress
USRDIR\009\ID01085,,1085,Compress
USRDIR\009\ID01086,,1086,Uncompress
USRDIR\009\ID01087,,1087,Compress
USRDIR\009\ID01088,,1088,Uncompress
USRDIR\009\ID01089,,1089,Compress
USRDIR\009\ID01090,,1090,Uncompress
USRDIR\009\ID01091,,1091,Compress
USRDIR\009\ID01092,,1092,Uncompress
USRDIR\009\ID01093,,1093,Compress
USRDIR\009\ID01094,,1094,Uncompress
USRDIR\009\ID01095,,1095,Compress
USRDIR\009\ID01096,,1096,Uncompress
USRDIR\009\ID01097,,1097,Compress
USRDIR\009\ID01098,,1098,Uncompress
USRDIR\009\ID01099,,1099,Compress
USRDIR\009\ID01100,,1100,Uncompress
USRDIR\009\ID01101,,1101,Compress
USRDIR\009\ID01102,,1102,Uncompress
USRDIR\009\ID01103,,1103,Compress
USRDIR\009\ID01104,,1104,Compress
USRDIR\009\ID01105,,1105,Compress
USRDIR\009\ID01106,,1106,Uncompress
USRDIR\009\ID01107,,1107,Compress
USRDIR\009\ID01108,,1108,Uncompress
USRDIR\009\ID01109,,1109,Compress
USRDIR\009\ID01110,,1110,Uncompress
USRDIR\009\ID01111,,1111,Compress
USRDIR\009\ID01112,,1112,Uncompress
USRDIR\009\ID01113,,1113,Compress
USRDIR\009\ID01114,,1114,Compress
USRDIR\009\ID01115,,1115,Compress
USRDIR\009\ID01116,,1116,Uncompress
USRDIR\009\ID01117,,1117,Compress
USRDIR\009\ID01118,,1118,Compress
USRDIR\009\ID01119,,1119,Compress
USRDIR\009\ID01120,,1120,Uncompress
USRDIR\009\ID01121,,1121,Compress
USRDIR\009\ID01122,,1122,Compress
USRDIR\009\ID01123,,1123,Compress
USRDIR\009\ID01124,,1124,Uncompress
USRDIR\009\ID01125,,1125,Compress
USRDIR\009\ID01126,,1126,Uncompress
USRDIR\009\ID01127,,1127,Compress
USRDIR\009\ID01128,,1128,Uncompress
USRDIR\009\ID01129,,1129,Compress
USRDIR\009\ID01130,,1130,Uncompress
USRDIR\009\ID01131,,1131,Compress
USRDIR\009\ID01132,,1132,Compress
USRDIR\009\ID01133,,1133,Compress
USRDIR\009\ID01134,,1134,Uncompress
USRDIR\009\ID01135,,1135,Compress
USRDIR\009\ID01136,,1136,Uncompress
USRDIR\009\ID01137,,1137,Compress
USRDIR\009\ID01138,,1138,Uncompress
USRDIR\009\ID01139,,1139,Compress
USRDIR\009\ID01140,,1140,Uncompress
USRDIR\009\ID01141,,1141,Compress
USRDIR\009\ID01142,,1142,Uncompress
USRDIR\009\ID01143,,1143,Compress
USRDIR\009\ID01144,,1144,Uncompress
USRDIR\009\ID01145,,1145,Compress
USRDIR\009\ID01146,,1146,Compress
USRDIR\009\ID01147,,1147,Compress
USRDIR\009\ID01148,,1148,Uncompress
USRDIR\009\ID01149,,1149,Compress
USRDIR\009\ID01150,,1150,Uncompress
USRDIR\009\ID01151,,1151,Compress
USRDIR\009\ID01152,,1152,Uncompress
USRDIR\009\ID01153,,1153,Compress
USRDIR\009\ID01154,,1154,Uncompress
USRDIR\009\ID01155,,1155,Compress
USRDIR\009\ID01156,,1156,Compress
USRDIR\009\ID01157,,1157,Compress
USRDIR\009\ID01158,,1158,Uncompress
USRDIR\009\ID01159,,1159,Compress
USRDIR\009\ID01160,,1160,Uncompress
USRDIR\009\ID01161,,1161,Compress
USRDIR\009\ID01162,,1162,Uncompress
USRDIR\009\ID01163,,1163,Compress
USRDIR\009\ID01164,,1164,Uncompress
USRDIR\009\ID01165,,1165,Compress
USRDIR\009\ID01166,,1166,Uncompress
USRDIR\009\ID01167,,1167,Compress
USRDIR\009\ID01168,,1168,Uncompress
USRDIR\009\ID01169,,1169,Compress
USRDIR\009\ID01170,,1170,Uncompress
USRDIR\009\ID01171,,1171,Compress
USRDIR\009\ID01172,,1172,Uncompress
USRDIR\009\ID01173,,1173,Compress
USRDIR\009\ID01174,,1174,Uncompress
USRDIR\009\ID01175,,1175,Compress
USRDIR\009\ID01176,,1176,Uncompress
USRDIR\009\ID01177,,1177,Compress
USRDIR\009\ID01178,,1178,Uncompress
USRDIR\009\ID01179,,1179,Compress
USRDIR\009\ID01180,,1180,Uncompress
USRDIR\009\ID01181,,1181,Compress
USRDIR\009\ID01182,,1182,Uncompress
USRDIR\009\ID01183,,1183,Compress
USRDIR\009\ID01184,,1184,Uncompress
USRDIR\009\ID01185,,1185,Compress
USRDIR\009\ID01186,,1186,Uncompress
USRDIR\009\ID01187,,1187,Compress
USRDIR\009\ID01188,,1188,Uncompress
USRDIR\009\ID01189,,1189,Compress
USRDIR\009\ID01190,,1190,Compress
USRDIR\009\ID01191,,1191,Compress
USRDIR\009\ID01192,,1192,Uncompress
USRDIR\009\ID01193,,1193,Compress
USRDIR\009\ID01194,,1194,Uncompress
USRDIR\009\ID01195,,1195,Compress
USRDIR\009\ID01196,,1196,Uncompress
USRDIR\009\ID01197,,1197,Compress
USRDIR\009\ID01198,,1198,Uncompress
USRDIR\009\ID01199,,1199,Compress
USRDIR\009\ID01200,,1200,Uncompress
USRDIR\009\ID01201,,1201,Compress
USRDIR\009\ID01202,,1202,Uncompress
USRDIR\009\ID01203,,1203,Compress
USRDIR\009\ID01204,,1204,Uncompress
USRDIR\009\ID01205,,1205,Compress
USRDIR\009\ID01206,,1206,Uncompress
USRDIR\009\ID01207,,1207,Compress
USRDIR\009\ID01208,,1208,Uncompress
USRDIR\009\ID01209,,1209,Compress
USRDIR\009\ID01210,,1210,Uncompress
USRDIR\009\ID01211,,1211,Compress
USRDIR\009\ID01212,,1212,Uncompress
USRDIR\009\ID01213,,1213,Compress
USRDIR\009\ID01214,,1214,Uncompress
USRDIR\009\ID01215,,1215,Compress
USRDIR\009\ID01216,,1216,Uncompress
USRDIR\009\ID01217,,1217,Compress
USRDIR\009\ID01218,,1218,Uncompress
USRDIR\009\ID01219,,1219,Compress
USRDIR\009\ID01220,,1220,Uncompress
USRDIR\009\ID01221,,1221,Compress
USRDIR\009\ID01222,,1222,Uncompress
USRDIR\009\ID01223,,1223,Compress
USRDIR\009\ID01224,,1224,Compress
USRDIR\009\ID01225,,1225,Compress
USRDIR\009\ID01226,,1226,Compress
USRDIR\009\ID01227,,1227,Compress
USRDIR\009\ID01228,,1228,Uncompress
USRDIR\009\ID01229,,1229,Compress
USRDIR\009\ID01230,,1230,Uncompress
USRDIR\009\ID01231,,1231,Compress
USRDIR\009\ID01232,,1232,Uncompress
USRDIR\009\ID01233,,1233,Compress
USRDIR\009\ID01234,,1234,Uncompress
USRDIR\009\ID01235,,1235,Compress
USRDIR\009\ID01236,,1236,Uncompress
USRDIR\009\ID01237,,1237,Compress
USRDIR\009\ID01238,,1238,Uncompress
USRDIR\009\ID01239,,1239,Compress
USRDIR\009\ID01240,,1240,Uncompress
USRDIR\009\ID01241,,1241,Compress
USRDIR\009\ID01242,,1242,Uncompress
USRDIR\009\ID01243,,1243,Compress
USRDIR\009\ID01244,,1244,Uncompress
USRDIR\009\ID01245,,1245,Compress
USRDIR\009\ID01246,,1246,Uncompress
USRDIR\009\ID01247,,1247,Compress
USRDIR\009\ID01248,,1248,Uncompress
USRDIR\009\ID01249,,1249,Compress
USRDIR\009\ID01250,,1250,Uncompress
USRDIR\009\ID01251,,1251,Compress
USRDIR\009\ID01252,,1252,Uncompress
USRDIR\009\ID01253,,1253,Compress
USRDIR\009\ID01254,,1254,Compress
USRDIR\009\ID01255,,1255,Compress
USRDIR\009\ID01256,,1256,Uncompress
USRDIR\009\ID01257,,1257,Compress
USRDIR\009\ID01258,,1258,Uncompress
USRDIR\009\ID01259,,1259,Compress
USRDIR\009\ID01260,,1260,Uncompress
USRDIR\009\ID01261,,1261,Compress
USRDIR\009\ID01262,,1262,Uncompress
USRDIR\009\ID01263,,1263,Compress
USRDIR\009\ID01264,,1264,Uncompress
USRDIR\009\ID01265,,1265,Compress
USRDIR\009\ID01266,,1266,Compress
USRDIR\009\ID01267,,1267,Compress
USRDIR\009\ID01268,,1268,Uncompress
USRDIR\009\ID01269,,1269,Compress
USRDIR\009\ID01270,,1270,Uncompress
USRDIR\009\ID01271,,1271,Compress
USRDIR\009\ID01272,,1272,Uncompress
USRDIR\009\ID01273,,1273,Compress
USRDIR\009\ID01274,,1274,Compress
USRDIR\009\ID01275,,1275,Compress
USRDIR\009\ID01276,,1276,Uncompress
USRDIR\009\ID01277,,1277,Compress
USRDIR\009\ID01278,,1278,Uncompress
USRDIR\009\ID01279,,1279,Compress
USRDIR\009\ID01280,,1280,Uncompress
USRDIR\009\ID01281,,1281,Compress
USRDIR\009\ID01282,,1282,Uncompress
USRDIR\009\ID01283,,1283,Compress
USRDIR\009\ID01284,,1284,Uncompress
USRDIR\009\ID01285,,1285,Compress
USRDIR\009\ID01286,,1286,Uncompress
USRDIR\009\ID01287,,1287,Compress
USRDIR\009\ID01288,,1288,Uncompress
USRDIR\009\ID01289,,1289,Compress
USRDIR\009\ID01290,,1290,Uncompress
USRDIR\009\ID01291,,1291,Compress
USRDIR\009\ID01292,,1292,Uncompress
USRDIR\009\ID01293,,1293,Uncompress
USRDIR\009\ID01294,,1294,Uncompress
USRDIR\009\ID01295,,1295,Uncompress
USRDIR\009\ID01296,,1296,Compress
USRDIR\009\ID01297,,1297,Compress
USRDIR\009\ID01298,,1298,Uncompress
USRDIR\009\ID01299,,1299,Compress
USRDIR\009\ID01300,,1300,Uncompress
USRDIR\009\ID01301,,1301,Compress
USRDIR\009\ID01302,,1302,Uncompress
USRDIR\009\ID01303,,1303,Compress
USRDIR\009\ID01304,,1304,Uncompress
USRDIR\009\ID01305,,1305,Compress
USRDIR\009\ID01306,,1306,Uncompress
USRDIR\009\ID01307,,1307,Compress
USRDIR\009\ID01308,,1308,Compress
USRDIR\009\ID01309,,1309,Compress
USRDIR\009\ID01310,,1310,Uncompress
USRDIR\009\ID01311,,1311,Compress
USRDIR\009\ID01312,,1312,Compress
USRDIR\009\ID01313,,1313,Compress
USRDIR\009\ID01314,,1314,Uncompress
USRDIR\009\ID01315,,1315,Compress
USRDIR\009\ID01316,,1316,Uncompress
USRDIR\009\ID01317,,1317,Compress
USRDIR\009\ID01318,,1318,Uncompress
USRDIR\009\ID01319,,1319,Compress
USRDIR\009\ID01320,,1320,Uncompress
USRDIR\009\ID01321,,1321,Compress
USRDIR\009\ID01322,,1322,Uncompress
USRDIR\009\ID01323,,1323,Compress
USRDIR\009\ID01324,,1324,Uncompress
USRDIR\009\ID01325,,1325,Compress
USRDIR\009\ID01326,,1326,Uncompress
USRDIR\009\ID01327,,1327,Compress
USRDIR\009\ID01328,,1328,Uncompress
USRDIR\009\ID01329,,1329,Compress
USRDIR\009\ID01330,,1330,Compress
USRDIR\009\ID01331,,1331,Compress
USRDIR\009\ID01332,,1332,Compress
USRDIR\009\ID01333,,1333,Compress
USRDIR\009\ID01334,,1334,Uncompress
USRDIR\009\ID01335,,1335,Compress
USRDIR\009\ID01336,,1336,Compress
USRDIR\009\ID01337,,1337,Compress
USRDIR\009\ID01338,,1338,Uncompress
USRDIR\009\ID01339,,1339,Compress
USRDIR\009\ID01340,,1340,Compress
USRDIR\009\ID01341,,1341,Compress
USRDIR\009\ID01342,,1342,Uncompress
USRDIR\009\ID01343,,1343,Compress
USRDIR\009\ID01344,,1344,Uncompress
USRDIR\009\ID01345,,1345,Compress
USRDIR\009\ID01346,,1346,Compress
USRDIR\009\ID01347,,1347,Compress
USRDIR\009\ID01348,,1348,Uncompress
USRDIR\009\ID01349,,1349,Compress
USRDIR\009\ID01350,,1350,Uncompress
USRDIR\009\ID01351,,1351,Compress
USRDIR\009\ID01352,,1352,Uncompress
USRDIR\009\ID01353,,1353,Compress
USRDIR\009\ID01354,,1354,Uncompress
USRDIR\009\ID01355,,1355,Compress
USRDIR\009\ID01356,,1356,Compress
USRDIR\009\ID01357,,1357,Compress
USRDIR\009\ID01358,,1358,Uncompress
USRDIR\009\ID01359,,1359,Compress
USRDIR\009\ID01360,,1360,Uncompress
USRDIR\009\ID01361,,1361,Compress
USRDIR\009\ID01362,,1362,Compress
USRDIR\009\ID01363,,1363,Compress
USRDIR\009\ID01364,,1364,Uncompress
USRDIR\009\ID01365,,1365,Compress
USRDIR\009\ID01366,,1366,Uncompress
USRDIR\009\ID01367,,1367,Compress
USRDIR\009\ID01368,,1368,Compress
USRDIR\009\ID01369,,1369,Compress
USRDIR\009\ID01370,,1370,Uncompress
USRDIR\009\ID01371,,1371,Compress
USRDIR\009\ID01372,,1372,Uncompress
USRDIR\009\ID01373,,1373,Compress
USRDIR\009\ID01374,,1374,Uncompress
USRDIR\009\ID01375,,1375,Compress
USRDIR\009\ID01376,,1376,Uncompress
USRDIR\009\ID01377,,1377,Compress
USRDIR\009\ID01378,,1378,Uncompress
USRDIR\009\ID01379,,1379,Compress
USRDIR\009\ID01380,,1380,Uncompress
USRDIR\009\ID01381,,1381,Compress
USRDIR\009\ID01382,,1382,Uncompress
USRDIR\009\ID01383,,1383,Compress
USRDIR\009\ID01384,,1384,Uncompress
USRDIR\009\ID01385,,1385,Compress
USRDIR\009\ID01386,,1386,Uncompress
USRDIR\009\ID01387,,1387,Compress
USRDIR\009\ID01388,,1388,Uncompress
USRDIR\009\ID01389,,1389,Compress
USRDIR\009\ID01390,,1390,Compress
USRDIR\009\ID01391,,1391,Compress
USRDIR\009\ID01392,,1392,Compress
USRDIR\009\ID01393,,1393,Compress
USRDIR\009\ID01394,,1394,Compress
USRDIR\009\ID01395,,1395,Compress
USRDIR\009\ID01396,,1396,Compress
USRDIR\009\ID01397,,1397,Compress
USRDIR\009\ID01398,,1398,Uncompress
USRDIR\009\ID01399,,1399,Compress
USRDIR\009\ID01400,,1400,Uncompress
USRDIR\009\ID01401,,1401,Compress
USRDIR\009\ID01402,,1402,Uncompress
USRDIR\009\ID01403,,1403,Compress
USRDIR\009\ID01404,,1404,Uncompress
USRDIR\009\ID01405,,1405,Compress
USRDIR\009\ID01406,,1406,Compress
USRDIR\009\ID01407,,1407,Compress
USRDIR\009\ID01408,,1408,Compress
USRDIR\009\ID01409,,1409,Compress
USRDIR\009\ID01410,,1410,Uncompress
USRDIR\009\ID01411,,1411,Compress
USRDIR\009\ID01412,,1412,Uncompress
USRDIR\009\ID01413,,1413,Compress
USRDIR\009\ID01414,,1414,Uncompress
USRDIR\009\ID01415,,1415,Compress
USRDIR\009\ID01416,,1416,Uncompress
USRDIR\009\ID01417,,1417,Compress
USRDIR\009\ID01418,,1418,Uncompress
USRDIR\009\ID01419,,1419,Compress
USRDIR\009\ID01420,,1420,Uncompress
USRDIR\009\ID01421,,1421,Compress
USRDIR\009\ID01422,,1422,Uncompress
USRDIR\009\ID01423,,1423,Compress
USRDIR\009\ID01424,,1424,Uncompress
USRDIR\009\ID01425,,1425,Compress
USRDIR\009\ID01426,,1426,Uncompress
USRDIR\009\ID01427,,1427,Compress
USRDIR\009\ID01428,,1428,Uncompress
USRDIR\009\ID01429,,1429,Compress
USRDIR\009\ID01430,,1430,Uncompress
USRDIR\009\ID01431,,1431,Compress
USRDIR\009\ID01432,,1432,Uncompress
USRDIR\009\ID01433,,1433,Compress
USRDIR\009\ID01434,,1434,Uncompress
USRDIR\009\ID01435,,1435,Compress
USRDIR\009\ID01436,,1436,Uncompress
USRDIR\009\ID01437,,1437,Compress
USRDIR\009\ID01438,,1438,Uncompress
USRDIR\009\ID01439,,1439,Compress
USRDIR\009\ID01440,,1440,Uncompress
USRDIR\009\ID01441,,1441,Compress
USRDIR\009\ID01442,,1442,Uncompress
USRDIR\009\ID01443,,1443,Compress
USRDIR\009\ID01444,,1444,Uncompress
USRDIR\009\ID01445,,1445,Compress
USRDIR\009\ID01446,,1446,Uncompress
USRDIR\009\ID01447,,1447,Compress
USRDIR\009\ID01448,,1448,Uncompress
USRDIR\009\ID01449,,1449,Uncompress
USRDIR\009\ID01450,,1450,Uncompress
USRDIR\009\ID01451,,1451,Compress
USRDIR\009\ID01452,,1452,Uncompress
USRDIR\009\ID01453,,1453,Compress
USRDIR\009\ID01454,,1454,Uncompress
USRDIR\009\ID01455,,1455,Compress
USRDIR\009\ID01456,,1456,Uncompress
USRDIR\009\ID01457,,1457,Compress
USRDIR\009\ID01458,,1458,Uncompress
USRDIR\009\ID01459,,1459,Compress
USRDIR\009\ID01460,,1460,Uncompress
USRDIR\009\ID01461,,1461,Uncompress
USRDIR\009\ID01462,,1462,Uncompress
USRDIR\009\ID01463,,1463,Uncompress
USRDIR\009\ID01464,,1464,Uncompress
USRDIR\009\ID01465,,1465,Uncompress
USRDIR\009\ID01466,,1466,Uncompress
USRDIR\009\ID01467,,1467,Uncompress
USRDIR\009\ID01468,,1468,Uncompress
USRDIR\009\ID01469,,1469,Uncompress
USRDIR\009\ID01470,,1470,Compress
USRDIR\009\ID01471,,1471,Uncompress
USRDIR\009\ID01472,,1472,Uncompress
USRDIR\009\ID01473,,1473,Uncompress
USRDIR\009\ID01474,,1474,Uncompress
USRDIR\009\ID01475,,1475,Uncompress
USRDIR\009\ID01476,,1476,Uncompress
USRDIR\009\ID01477,,1477,Uncompress
USRDIR\009\ID01478,,1478,Uncompress
USRDIR\009\ID01479,,1479,Uncompress
USRDIR\009\ID01480,,1480,Compress
USRDIR\009\ID01481,,1481,Compress
USRDIR\009\ID01482,,1482,Uncompress
USRDIR\009\ID01483,,1483,Uncompress
USRDIR\009\ID01484,,1484,Uncompress
USRDIR\009\ID01485,,1485,Compress
USRDIR\009\ID01486,,1486,Uncompress
USRDIR\009\ID01487,,1487,Uncompress
USRDIR\009\ID01488,,1488,Uncompress
USRDIR\009\ID01489,,1489,Uncompress
USRDIR\009\ID01490,,1490,Uncompress
USRDIR\009\ID01491,,1491,Uncompress
USRDIR\009\ID01492,,1492,Uncompress
USRDIR\009\ID01493,,1493,Uncompress
USRDIR\009\ID01494,,1494,Uncompress
USRDIR\009\ID01495,,1495,Uncompress
USRDIR\009\ID01496,,1496,Uncompress
USRDIR\009\ID01497,,1497,Uncompress
USRDIR\009\ID01498,,1498,Uncompress
USRDIR\009\ID01499,,1499,Uncompress
USRDIR\009\ID01500,,1500,Uncompress
USRDIR\009\ID01501,,1501,Uncompress
USRDIR\009\ID01502,,1502,Uncompress
USRDIR\009\ID01503,,1503,Uncompress
USRDIR\009\ID01504,,1504,Compress
USRDIR\009\ID01505,,1505,Uncompress
USRDIR\009\ID01506,,1506,Uncompress
USRDIR\009\ID01507,,1507,Uncompress
USRDIR\009\ID01508,,1508,Uncompress
USRDIR\009\ID01509,,1509,Uncompress
USRDIR\009\ID01510,,1510,Uncompress
USRDIR\009\ID01511,,1511,Uncompress
USRDIR\009\ID01512,,1512,Uncompress
USRDIR\009\ID01513,,1513,Uncompress
USRDIR\009\ID01514,,1514,Uncompress
USRDIR\009\ID01515,,1515,Uncompress
USRDIR\009\ID01516,,1516,Uncompress
USRDIR\009\ID01517,,1517,Uncompress
USRDIR\009\ID01518,,1518,Uncompress
USRDIR\009\ID01519,,1519,Uncompress
USRDIR\009\ID01520,,1520,Uncompress
USRDIR\009\ID01521,,1521,Uncompress
USRDIR\009\ID01522,,1522,Uncompress
USRDIR\009\ID01523,,1523,Uncompress
USRDIR\009\ID01524,,1524,Uncompress
USRDIR\009\ID01525,,1525,Uncompress
USRDIR\009\ID01526,,1526,Uncompress
USRDIR\009\ID01527,,1527,Uncompress
USRDIR\009\ID01528,,1528,Uncompress
USRDIR\009\ID01529,,1529,Uncompress
USRDIR\009\ID01530,,1530,Uncompress
USRDIR\009\ID01531,,1531,Uncompress
USRDIR\009\ID01532,,1532,Uncompress
USRDIR\009\ID01533,,1533,Uncompress
USRDIR\009\ID01534,,1534,Uncompress
USRDIR\009\ID01535,,1535,Uncompress
USRDIR\009\ID01536,,1536,Uncompress
USRDIR\009\ID01537,,1537,Uncompress
USRDIR\009\ID01538,,1538,Uncompress
USRDIR\009\ID01539,,1539,Uncompress
USRDIR\009\ID01540,,1540,Uncompress
USRDIR\009\ID01541,,1541,Uncompress
USRDIR\009\ID01542,,1542,Uncompress
USRDIR\009\ID01543,,1543,Uncompress
USRDIR\009\ID01544,,1544,Uncompress
USRDIR\009\ID01545,,1545,Uncompress
USRDIR\009\ID01546,,1546,Uncompress
USRDIR\009\ID01547,,1547,Uncompress
USRDIR\009\ID01548,,1548,Uncompress
USRDIR\009\ID01549,,1549,Uncompress
USRDIR\009\ID01550,,1550,Uncompress
USRDIR\009\ID01551,,1551,Uncompress
USRDIR\009\ID01552,,1552,Uncompress
USRDIR\009\ID01553,,1553,Uncompress
USRDIR\009\ID01554,,1554,Uncompress
USRDIR\009\ID01555,,1555,Uncompress
USRDIR\009\ID01556,,1556,Uncompress
USRDIR\009\ID01557,,1557,Uncompress
USRDIR\009\ID01558,,1558,Uncompress
USRDIR\009\ID01559,,1559,Uncompress
USRDIR\009\ID01560,,1560,Uncompress
USRDIR\009\ID01561,,1561,Uncompress
USRDIR\009\ID01562,,1562,Uncompress
USRDIR\009\ID01563,,1563,Uncompress
USRDIR\009\ID01564,,1564,Uncompress
USRDIR\009\ID01565,,1565,Uncompress
USRDIR\009\ID01566,,1566,Uncompress
USRDIR\009\ID01567,,1567,Uncompress
USRDIR\009\ID01568,,1568,Uncompress
USRDIR\009\ID01569,,1569,Uncompress
USRDIR\009\ID01570,,1570,Uncompress
USRDIR\009\ID01571,,1571,Uncompress
USRDIR\009\ID01572,,1572,Uncompress
USRDIR\009\ID01573,,1573,Uncompress
USRDIR\009\ID01574,,1574,Uncompress
USRDIR\009\ID01575,,1575,Uncompress
USRDIR\009\ID01576,,1576,Uncompress
USRDIR\009\ID01577,,1577,Uncompress
USRDIR\009\ID01578,,1578,Uncompress
USRDIR\009\ID01579,,1579,Uncompress
USRDIR\009\ID01580,,1580,Uncompress
USRDIR\009\ID01581,,1581,Uncompress
USRDIR\009\ID01582,,1582,Uncompress
USRDIR\009\ID01583,,1583,Uncompress
USRDIR\009\ID01584,,1584,Uncompress
USRDIR\009\ID01585,,1585,Uncompress
USRDIR\009\ID01586,,1586,Uncompress
USRDIR\009\ID01587,,1587,Uncompress
USRDIR\009\ID01588,,1588,Uncompress
USRDIR\009\ID01589,,1589,Uncompress
USRDIR\009\ID01590,,1590,Uncompress
USRDIR\009\ID01591,,1591,Uncompress
USRDIR\009\ID01592,,1592,Uncompress
USRDIR\009\ID01593,,1593,Uncompress
USRDIR\009\ID01594,,1594,Uncompress
USRDIR\009\ID01595,,1595,Uncompress
USRDIR\009\ID01596,,1596,Uncompress
USRDIR\009\ID01597,,1597,Uncompress
USRDIR\009\ID01598,,1598,Uncompress
USRDIR\009\ID01599,,1599,Uncompress
USRDIR\009\ID01600,,1600,Uncompress
USRDIR\009\ID01601,,1601,Uncompress
USRDIR\009\ID01602,,1602,Uncompress
USRDIR\009\ID01603,,1603,Uncompress
USRDIR\009\ID01604,,1604,Uncompress
USRDIR\009\ID01605,,1605,Uncompress
USRDIR\009\ID01606,,1606,Uncompress
USRDIR\009\ID01607,,1607,Uncompress
USRDIR\009\ID01608,,1608,Uncompress
USRDIR\009\ID01609,,1609,Uncompress
USRDIR\009\ID01610,,1610,Uncompress
USRDIR\009\ID01611,,1611,Uncompress
USRDIR\009\ID01612,,1612,Uncompress
USRDIR\009\ID01613,,1613,Uncompress
USRDIR\009\ID01614,,1614,Uncompress
USRDIR\009\ID01615,,1615,Uncompress
USRDIR\009\ID01616,,1616,Uncompress
USRDIR\009\ID01617,,1617,Uncompress
USRDIR\009\ID01618,,1618,Uncompress
USRDIR\009\ID01619,,1619,Uncompress
USRDIR\009\ID01620,,1620,Uncompress
USRDIR\009\ID01621,,1621,Uncompress
USRDIR\009\ID01622,,1622,Uncompress
USRDIR\009\ID01623,,1623,Uncompress
USRDIR\009\ID01624,,1624,Uncompress
USRDIR\009\ID01625,,1625,Uncompress
USRDIR\009\ID01626,,1626,Uncompress
USRDIR\009\ID01627,,1627,Uncompress
USRDIR\009\ID01628,,1628,Uncompress
USRDIR\009\ID01629,,1629,Uncompress
USRDIR\009\ID01630,,1630,Uncompress
USRDIR\009\ID01631,,1631,Uncompress
USRDIR\009\ID01632,,1632,Uncompress
USRDIR\009\ID01633,,1633,Uncompress
USRDIR\009\ID01634,,1634,Uncompress
USRDIR\009\ID01635,,1635,Uncompress
USRDIR\009\ID01636,,1636,Uncompress
USRDIR\009\ID01637,,1637,Uncompress
USRDIR\009\ID01638,,1638,Uncompress
USRDIR\009\ID01639,,1639,Uncompress
USRDIR\009\ID01640,,1640,Uncompress
USRDIR\009\ID01641,,1641,Uncompress
USRDIR\009\ID01642,,1642,Uncompress
USRDIR\009\ID01643,,1643,Uncompress
USRDIR\009\ID01644,,1644,Uncompress
USRDIR\009\ID01645,,1645,Uncompress
USRDIR\009\ID01646,,1646,Uncompress
USRDIR\009\ID01647,,1647,Uncompress
USRDIR\009\ID01648,,1648,Uncompress
USRDIR\009\ID01649,,1649,Uncompress
USRDIR\009\ID01650,,1650,Uncompress
USRDIR\009\ID01651,,1651,Uncompress
USRDIR\009\ID01652,,1652,Uncompress
USRDIR\009\ID01653,,1653,Uncompress
USRDIR\009\ID01654,,1654,Uncompress
USRDIR\009\ID01655,,1655,Uncompress
USRDIR\009\ID01656,,1656,Uncompress
USRDIR\009\ID01657,,1657,Uncompress
USRDIR\009\ID01658,,1658,Uncompress
USRDIR\009\ID01659,,1659,Uncompress
USRDIR\009\ID01660,,1660,Uncompress
USRDIR\009\ID01661,,1661,Uncompress
USRDIR\009\ID01662,,1662,Uncompress
USRDIR\009\ID01663,,1663,Uncompress
USRDIR\009\ID01664,,1664,Uncompress
USRDIR\009\ID01665,,1665,Uncompress
USRDIR\009\ID01666,,1666,Uncompress
USRDIR\009\ID01667,,1667,Uncompress
USRDIR\009\ID01668,,1668,Uncompress
USRDIR\009\ID01669,,1669,Uncompress
USRDIR\009\ID01670,,1670,Uncompress
USRDIR\009\ID01671,,1671,Uncompress
USRDIR\009\ID01672,,1672,Uncompress
USRDIR\009\ID01673,,1673,Uncompress
USRDIR\009\ID01674,,1674,Uncompress
USRDIR\009\ID01675,,1675,Uncompress
USRDIR\009\ID01676,,1676,Uncompress
USRDIR\009\ID01677,,1677,Uncompress
USRDIR\009\ID01678,,1678,Uncompress
USRDIR\009\ID01679,,1679,Uncompress
USRDIR\009\ID01680,,1680,Compress
USRDIR\009\ID01681,,1681,Compress
USRDIR\009\ID01682,,1682,Compress
USRDIR\009\ID01683,,1683,Compress
USRDIR\009\ID01684,,1684,Uncompress
USRDIR\009\ID01685,,1685,Uncompress
USRDIR\009\ID01686,,1686,Uncompress
USRDIR\009\ID01687,,1687,Uncompress
USRDIR\009\ID01688,,1688,Uncompress
USRDIR\009\ID01689,,1689,Uncompress
USRDIR\009\ID01690,,1690,Uncompress
USRDIR\009\ID01691,,1691,Uncompress
USRDIR\009\ID01692,,1692,Uncompress
USRDIR\009\ID01693,,1693,Uncompress
USRDIR\009\ID01694,,1694,Uncompress
USRDIR\009\ID01695,,1695,Uncompress
USRDIR\009\ID01696,,1696,Compress
USRDIR\009\ID01697,,1697,Compress
USRDIR\009\ID01698,,1698,Compress
USRDIR\009\ID01699,,1699,Compress
USRDIR\009\ID01700,,1700,Uncompress
USRDIR\009\ID01701,,1701,Uncompress
USRDIR\009\ID01702,,1702,Uncompress
USRDIR\009\ID01703,,1703,Uncompress
USRDIR\009\ID01704,,1704,Compress
USRDIR\009\ID01705,,1705,Compress
USRDIR\009\ID01706,,1706,Compress
USRDIR\009\ID01707,,1707,Compress
USRDIR\009\ID01708,,1708,Uncompress
USRDIR\009\ID01709,,1709,Uncompress
USRDIR\009\ID01710,,1710,Uncompress
USRDIR\009\ID01711,,1711,Uncompress
USRDIR\009\ID01712,,1712,Uncompress
USRDIR\009\ID01713,,1713,Uncompress
USRDIR\009\ID01714,,1714,Uncompress
USRDIR\009\ID01715,,1715,Uncompress
USRDIR\009\ID01716,,1716,Uncompress
USRDIR\009\ID01717,,1717,Compress
USRDIR\009\ID01718,,1718,Compress
USRDIR\009\ID01719,,1719,Compress
USRDIR\009\ID01720,,1720,Compress
USRDIR\009\ID01721,,1721,Uncompress
USRDIR\009\ID01722,,1722,Uncompress
USRDIR\009\ID01723,,1723,Uncompress
USRDIR\009\ID01724,,1724,Uncompress
USRDIR\009\ID01725,,1725,Uncompress
USRDIR\009\ID01726,,1726,Uncompress
USRDIR\009\ID01727,,1727,Uncompress
USRDIR\009\ID01728,,1728,Uncompress
USRDIR\009\ID01729,,1729,Uncompress
USRDIR\009\ID01730,,1730,Uncompress
USRDIR\009\ID01731,,1731,Uncompress
USRDIR\009\ID01732,,1732,Uncompress
USRDIR\009\ID01733,,1733,Uncompress
USRDIR\009\ID01734,,1734,Uncompress
USRDIR\009\ID01735,,1735,Uncompress
USRDIR\009\ID01736,,1736,Uncompress
USRDIR\009\ID01737,,1737,Uncompress
USRDIR\009\ID01738,,1738,Uncompress
USRDIR\009\ID01739,,1739,Uncompress
USRDIR\009\ID01740,,1740,Uncompress
USRDIR\009\ID01741,,1741,Uncompress
USRDIR\009\ID01742,,1742,Uncompress
USRDIR\009\ID01743,,1743,Uncompress
USRDIR\009\ID01744,,1744,Uncompress
USRDIR\009\ID01745,,1745,Uncompress
USRDIR\009\ID01746,,1746,Uncompress
USRDIR\009\ID01747,,1747,Uncompress
USRDIR\009\ID01748,,1748,Uncompress
USRDIR\009\ID01749,,1749,Uncompress
USRDIR\009\ID01750,,1750,Uncompress
USRDIR\009\ID01751,,1751,Uncompress
USRDIR\009\ID01752,,1752,Uncompress
USRDIR\009\ID01753,,1753,Uncompress
USRDIR\009\ID01754,,1754,Uncompress
USRDIR\009\ID01755,,1755,Uncompress
USRDIR\009\ID01756,,1756,Uncompress
USRDIR\009\ID01757,,1757,Uncompress
USRDIR\009\ID01758,,1758,Uncompress
USRDIR\009\ID01759,,1759,Uncompress
USRDIR\009\ID01760,,1760,Uncompress
USRDIR\009\ID01761,,1761,Uncompress
USRDIR\009\ID01762,,1762,Uncompress
USRDIR\009\ID01763,,1763,Uncompress
USRDIR\009\ID01764,,1764,Uncompress
USRDIR\009\ID01765,,1765,Uncompress
USRDIR\009\ID01766,,1766,Uncompress
USRDIR\009\ID01767,,1767,Uncompress
USRDIR\009\ID01768,,1768,Uncompress
USRDIR\009\ID01769,,1769,Uncompress
USRDIR\009\ID01770,,1770,Uncompress
USRDIR\009\ID01771,,1771,Uncompress
USRDIR\009\ID01772,,1772,Uncompress
USRDIR\009\ID01773,,1773,Uncompress
USRDIR\009\ID01774,,1774,Uncompress
USRDIR\009\ID01775,,1775,Uncompress
USRDIR\009\ID01776,,1776,Uncompress
USRDIR\009\ID01777,,1777,Uncompress
USRDIR\009\ID01778,,1778,Uncompress
USRDIR\009\ID01779,,1779,Uncompress
USRDIR\009\ID01780,,1780,Uncompress
USRDIR\009\ID01781,,1781,Uncompress
USRDIR\009\ID01782,,1782,Uncompress
USRDIR\009\ID01783,,1783,Uncompress
USRDIR\009\ID01784,,1784,Uncompress
USRDIR\009\ID01785,,1785,Uncompress
USRDIR\009\ID01786,,1786,Uncompress
USRDIR\009\ID01787,,1787,Uncompress
USRDIR\009\ID01788,,1788,Uncompress
USRDIR\009\ID01789,,1789,Uncompress
USRDIR\009\ID01790,,1790,Uncompress
USRDIR\009\ID01791,,1791,Uncompress
USRDIR\009\ID01792,,1792,Uncompress
USRDIR\009\ID01793,,1793,Uncompress
USRDIR\009\ID01794,,1794,Compress
USRDIR\009\ID01795,,1795,Compress
USRDIR\009\ID01796,,1796,Compress
USRDIR\009\ID01797,,1797,Compress
USRDIR\009\ID01798,,1798,Compress
USRDIR\009\ID01799,,1799,Compress
USRDIR\009\ID01800,,1800,Uncompress
USRDIR\009\ID01801,,1801,Uncompress
USRDIR\009\ID01802,,1802,Uncompress
USRDIR\009\ID01803,,1803,Uncompress
USRDIR\009\ID01804,,1804,Uncompress
USRDIR\009\ID01805,,1805,Uncompress
USRDIR\009\ID01806,,1806,Uncompress
USRDIR\009\ID01807,,1807,Uncompress
USRDIR\009\ID01808,,1808,Uncompress
USRDIR\009\ID01809,,1809,Uncompress
USRDIR\009\ID01810,,1810,Uncompress
USRDIR\009\ID01811,,1811,Uncompress
USRDIR\009\ID01812,,1812,Uncompress
USRDIR\009\ID01813,,1813,Uncompress
USRDIR\009\ID01814,,1814,Uncompress
USRDIR\009\ID01815,,1815,Uncompress
USRDIR\009\ID01816,,1816,Uncompress
USRDIR\009\ID01817,,1817,Uncompress
USRDIR\009\ID01818,,1818,Uncompress
USRDIR\009\ID01819,,1819,Uncompress
USRDIR\009\ID01820,,1820,Uncompress
USRDIR\009\ID01821,,1821,Uncompress
USRDIR\009\ID01822,,1822,Uncompress
USRDIR\009\ID01823,,1823,Uncompress
USRDIR\009\ID01824,,1824,Uncompress
USRDIR\009\ID01825,,1825,Uncompress
USRDIR\009\ID01826,,1826,Uncompress
USRDIR\009\ID01827,,1827,Uncompress
USRDIR\009\ID01828,,1828,Uncompress
USRDIR\009\ID01829,,1829,Uncompress
USRDIR\009\ID01830,,1830,Uncompress
USRDIR\009\ID01831,,1831,Uncompress
USRDIR\009\ID01832,,1832,Uncompress
USRDIR\009\ID01833,,1833,Uncompress
USRDIR\009\ID01834,,1834,Uncompress
USRDIR\009\ID01835,,1835,Uncompress
USRDIR\009\ID01836,,1836,Uncompress
USRDIR\009\ID01837,,1837,Uncompress
USRDIR\009\ID01838,,1838,Uncompress
USRDIR\009\ID01839,,1839,Uncompress
USRDIR\009\ID01840,,1840,Uncompress
USRDIR\009\ID01841,,1841,Uncompress
USRDIR\009\ID01842,,1842,Uncompress
USRDIR\009\ID01843,,1843,Uncompress
USRDIR\009\ID01844,,1844,Uncompress
USRDIR\009\ID01845,,1845,Uncompress
USRDIR\009\ID01846,,1846,Uncompress
USRDIR\009\ID01847,,1847,Uncompress
USRDIR\009\ID01848,,1848,Uncompress
USRDIR\009\ID01849,,1849,Uncompress
USRDIR\009\ID01850,,1850,Uncompress
USRDIR\009\ID01851,,1851,Uncompress
USRDIR\009\ID01852,,1852,Uncompress
USRDIR\009\ID01853,,1853,Uncompress
USRDIR\009\ID01854,,1854,Uncompress
USRDIR\009\ID01855,,1855,Uncompress
USRDIR\009\ID01856,,1856,Uncompress
USRDIR\009\ID01857,,1857,Uncompress
USRDIR\009\ID01858,,1858,Uncompress
USRDIR\009\ID01859,,1859,Uncompress
USRDIR\009\ID01860,,1860,Uncompress
USRDIR\009\ID01861,,1861,Uncompress
USRDIR\009\ID01862,,1862,Uncompress
USRDIR\009\ID01863,,1863,Compress
USRDIR\009\ID01864,,1864,Uncompress
USRDIR\009\ID01865,,1865,Uncompress
USRDIR\009\ID01866,,1866,Uncompress
USRDIR\009\ID01867,,1867,Uncompress
USRDIR\009\ID01868,,1868,Compress
USRDIR\009\ID01869,,1869,Uncompress
USRDIR\009\ID01870,,1870,Uncompress
USRDIR\009\ID01871,,1871,Uncompress
USRDIR\009\ID01872,,1872,Uncompress
USRDIR\009\ID01873,,1873,Uncompress
USRDIR\009\ID01874,,1874,Uncompress
USRDIR\009\ID01875,,1875,Uncompress
USRDIR\009\ID01876,,1876,Uncompress
USRDIR\009\ID01877,,1877,Uncompress
USRDIR\009\ID01878,,1878,Uncompress
USRDIR\009\ID01879,,1879,Uncompress
USRDIR\009\ID01880,,1880,Uncompress
USRDIR\009\ID01881,,1881,Uncompress
USRDIR\009\ID01882,,1882,Uncompress
USRDIR\009\ID01883,,1883,Uncompress
USRDIR\009\ID01884,,1884,Uncompress
USRDIR\009\ID01885,,1885,Uncompress
USRDIR\009\ID01886,,1886,Uncompress
USRDIR\009\ID01887,,1887,Uncompress
USRDIR\009\ID01888,,1888,Uncompress
USRDIR\009\ID01889,,1889,Uncompress
USRDIR\009\ID01890,,1890,Uncompress
USRDIR\009\ID01891,,1891,Uncompress
USRDIR\009\ID01892,,1892,Uncompress
USRDIR\009\ID01893,,1893,Uncompress
USRDIR\009\ID01894,,1894,Uncompress
USRDIR\009\ID01895,,1895,Uncompress
USRDIR\009\ID01896,,1896,Uncompress
USRDIR\009\ID01897,,1897,Uncompress
USRDIR\009\ID01898,,1898,Uncompress
USRDIR\009\ID01899,,1899,Uncompress
USRDIR\009\ID01900,,1900,Uncompress
USRDIR\009\ID01901,,1901,Uncompress
USRDIR\009\ID01902,,1902,Uncompress
USRDIR\009\ID01903,,1903,Uncompress
USRDIR\009\ID01904,,1904,Uncompress
USRDIR\009\ID01905,,1905,Uncompress
USRDIR\009\ID01906,,1906,Uncompress
USRDIR\009\ID01907,,1907,Uncompress
USRDIR\009\ID01908,,1908,Uncompress
USRDIR\009\ID01909,,1909,Uncompress
USRDIR\009\ID01910,,1910,Uncompress
USRDIR\009\ID01911,,1911,Uncompress
USRDIR\009\ID01912,,1912,Uncompress
USRDIR\009\ID01913,,1913,Uncompress
USRDIR\009\ID01914,,1914,Uncompress
USRDIR\009\ID01915,,1915,Uncompress
USRDIR\009\ID01916,,1916,Uncompress
USRDIR\009\ID01917,,1917,Uncompress
USRDIR\009\ID01918,,1918,Uncompress
USRDIR\009\ID01919,,1919,Uncompress
USRDIR\009\ID01920,,1920,Uncompress
USRDIR\009\ID01921,,1921,Uncompress
USRDIR\009\ID01922,,1922,Uncompress
USRDIR\009\ID01923,,1923,Uncompress
USRDIR\009\ID01924,,1924,Uncompress
USRDIR\009\ID01925,,1925,Uncompress
USRDIR\009\ID01926,,1926,Uncompress
USRDIR\009\ID01927,,1927,Uncompress
USRDIR\009\ID01928,,1928,Uncompress
USRDIR\009\ID01929,,1929,Uncompress
USRDIR\009\ID01930,,1930,Uncompress
USRDIR\009\ID01931,,1931,Uncompress
USRDIR\009\ID01932,,1932,Uncompress
USRDIR\009\ID01933,,1933,Uncompress
USRDIR\009\ID01934,,1934,Uncompress
USRDIR\009\ID01935,,1935,Uncompress
USRDIR\009\ID01936,,1936,Uncompress
USRDIR\009\ID01937,,1937,Uncompress
USRDIR\009\ID01938,,1938,Uncompress
USRDIR\009\ID01939,,1939,Uncompress
USRDIR\009\ID01940,,1940,Uncompress
USRDIR\009\ID01941,,1941,Uncompress
USRDIR\009\ID01942,,1942,Uncompress
USRDIR\009\ID01943,,1943,Uncompress
USRDIR\009\ID01944,,1944,Uncompress
USRDIR\009\ID01945,,1945,Uncompress
USRDIR\009\ID01946,,1946,Uncompress
USRDIR\009\ID01947,,1947,Uncompress
USRDIR\009\ID01948,,1948,Uncompress
USRDIR\009\ID01949,,1949,Uncompress
USRDIR\009\ID01950,,1950,Uncompress
USRDIR\009\ID01951,,1951,Uncompress
USRDIR\009\ID01952,,1952,Uncompress
USRDIR\009\ID01953,,1953,Uncompress
USRDIR\009\ID01954,,1954,Uncompress
USRDIR\009\ID01955,,1955,Uncompress
USRDIR\009\ID01956,,1956,Uncompress
USRDIR\009\ID01957,,1957,Uncompress
USRDIR\009\ID01958,,1958,Uncompress
USRDIR\009\ID01959,,1959,Uncompress
USRDIR\009\ID01960,,1960,Uncompress
USRDIR\009\ID01961,,1961,Uncompress
USRDIR\009\ID01962,,1962,Uncompress
USRDIR\009\ID01963,,1963,Uncompress
USRDIR\009\ID01964,,1964,Uncompress
USRDIR\009\ID01965,,1965,Uncompress
USRDIR\009\ID01966,,1966,Uncompress
USRDIR\009\ID01967,,1967,Uncompress
USRDIR\009\ID01968,,1968,Uncompress
USRDIR\009\ID01969,,1969,Uncompress
USRDIR\009\ID01970,,1970,Uncompress
USRDIR\009\ID01971,,1971,Uncompress
USRDIR\009\ID01972,,1972,Uncompress
USRDIR\009\ID01973,,1973,Uncompress
USRDIR\009\ID01974,,1974,Uncompress
USRDIR\009\ID01975,,1975,Uncompress
USRDIR\009\ID01976,,1976,Uncompress
USRDIR\009\ID01977,,1977,Uncompress
USRDIR\009\ID01978,,1978,Uncompress
USRDIR\009\ID01979,,1979,Uncompress
USRDIR\009\ID01980,,1980,Uncompress
USRDIR\009\ID01981,,1981,Uncompress
USRDIR\009\ID01982,,1982,Uncompress
USRDIR\009\ID01983,,1983,Uncompress
USRDIR\009\ID01984,,1984,Uncompress
USRDIR\009\ID01985,,1985,Uncompress
USRDIR\009\ID01986,,1986,Uncompress
USRDIR\009\ID01987,,1987,Uncompress
USRDIR\009\ID01988,,1988,Uncompress
USRDIR\009\ID01989,,1989,Uncompress
USRDIR\009\ID01990,,1990,Uncompress
USRDIR\009\ID01991,,1991,Uncompress
USRDIR\009\ID01992,,1992,Uncompress
USRDIR\009\ID01993,,1993,Uncompress
USRDIR\009\ID01994,,1994,Uncompress
USRDIR\009\ID01995,,1995,Uncompress
USRDIR\009\ID01996,,1996,Uncompress
USRDIR\009\ID01997,,1997,Uncompress
USRDIR\009\ID01998,,1998,Uncompress
USRDIR\009\ID01999,,1999,Uncompress
USRDIR\009\ID02000,,2000,Uncompress
USRDIR\009\ID02001,,2001,Uncompress
USRDIR\009\ID02002,,2002,Uncompress
USRDIR\009\ID02003,,2003,Uncompress
USRDIR\009\ID02004,,2004,Uncompress
USRDIR\009\ID02005,,2005,Uncompress
USRDIR\009\ID02006,,2006,Uncompress
USRDIR\009\ID02007,,2007,Uncompress
USRDIR\009\ID02008,,2008,Uncompress
USRDIR\009\ID02009,,2009,Uncompress
USRDIR\009\ID02010,,2010,Uncompress
USRDIR\009\ID02011,,2011,Uncompress
USRDIR\009\ID02012,,2012,Uncompress
USRDIR\009\ID02013,,2013,Uncompress
USRDIR\009\ID02014,,2014,Uncompress
USRDIR\009\ID02015,,2015,Uncompress
USRDIR\009\ID02016,,2016,Uncompress
USRDIR\009\ID02017,,2017,Uncompress
USRDIR\009\ID02018,,2018,Uncompress
USRDIR\009\ID02019,,2019,Uncompress
USRDIR\009\ID02020,,2020,Uncompress
USRDIR\009\ID02021,,2021,Uncompress
USRDIR\009\ID02022,,2022,Uncompress
USRDIR\009\ID02023,,2023,Uncompress
USRDIR\009\ID02024,,2024,Uncompress
USRDIR\009\ID02025,,2025,Uncompress
USRDIR\009\ID02026,,2026,Uncompress
USRDIR\009\ID02027,,2027,Uncompress
USRDIR\009\ID02028,,2028,Uncompress
USRDIR\009\ID02029,,2029,Uncompress
USRDIR\009\ID02030,,2030,Uncompress
USRDIR\009\ID02031,,2031,Uncompress
USRDIR\009\ID02032,,2032,Uncompress
USRDIR\009\ID02033,,2033,Uncompress
USRDIR\009\ID02034,,2034,Uncompress
USRDIR\009\ID02035,,2035,Uncompress
USRDIR\009\ID02036,,2036,Uncompress
USRDIR\009\ID02037,,2037,Uncompress
USRDIR\009\ID02038,,2038,Uncompress
USRDIR\009\ID02039,,2039,Uncompress
USRDIR\009\ID02040,,2040,Uncompress
USRDIR\009\ID02041,,2041,Uncompress
USRDIR\009\ID02042,,2042,Uncompress
USRDIR\009\ID02043,,2043,Uncompress
USRDIR\009\ID02044,,2044,Uncompress
USRDIR\009\ID02045,,2045,Uncompress
USRDIR\009\ID02046,,2046,Uncompress
USRDIR\009\ID02047,,2047,Uncompress
USRDIR\009\ID02048,,2048,Uncompress
USRDIR\009\ID02049,,2049,Uncompress
USRDIR\009\ID02050,,2050,Uncompress
USRDIR\009\ID02051,,2051,Uncompress
USRDIR\009\ID02052,,2052,Uncompress
USRDIR\009\ID02053,,2053,Uncompress
USRDIR\009\ID02054,,2054,Uncompress
USRDIR\009\ID02055,,2055,Uncompress
USRDIR\009\ID02056,,2056,Uncompress
USRDIR\009\ID02057,,2057,Uncompress
USRDIR\009\ID02058,,2058,Uncompress
USRDIR\009\ID02059,,2059,Uncompress
USRDIR\009\ID02060,,2060,Uncompress
USRDIR\009\ID02061,,2061,Uncompress
USRDIR\009\ID02062,,2062,Uncompress
USRDIR\009\ID02063,,2063,Uncompress
USRDIR\009\ID02064,,2064,Uncompress
USRDIR\009\ID02065,,2065,Uncompress
USRDIR\009\ID02066,,2066,Uncompress
USRDIR\009\ID02067,,2067,Uncompress
USRDIR\009\ID02068,,2068,Uncompress
USRDIR\009\ID02069,,2069,Uncompress
USRDIR\009\ID02070,,2070,Uncompress
USRDIR\009\ID02071,,2071,Uncompress
USRDIR\009\ID02072,,2072,Uncompress
USRDIR\009\ID02073,,2073,Uncompress
USRDIR\009\ID02074,,2074,Uncompress
USRDIR\009\ID02075,,2075,Uncompress
USRDIR\009\ID02076,,2076,Uncompress
USRDIR\009\ID02077,,2077,Uncompress
USRDIR\009\ID02078,,2078,Uncompress
USRDIR\009\ID02079,,2079,Uncompress
USRDIR\009\ID02080,,2080,Uncompress
USRDIR\009\ID02081,,2081,Uncompress
USRDIR\009\ID02082,,2082,Uncompress
USRDIR\009\ID02083,,2083,Uncompress
USRDIR\009\ID02084,,2084,Uncompress
USRDIR\009\ID02085,,2085,Uncompress
USRDIR\009\ID02086,,2086,Uncompress
USRDIR\009\ID02087,,2087,Uncompress
USRDIR\009\ID02088,,2088,Uncompress
USRDIR\009\ID02089,,2089,Uncompress
USRDIR\009\ID02090,,2090,Uncompress
USRDIR\009\ID02091,,2091,Uncompress
USRDIR\009\ID02092,,2092,Uncompress
USRDIR\009\ID02093,,2093,Uncompress
USRDIR\009\ID02094,,2094,Uncompress
USRDIR\009\ID02095,,2095,Uncompress
USRDIR\009\ID02096,,2096,Uncompress
USRDIR\009\ID02097,,2097,Uncompress
USRDIR\009\ID02098,,2098,Uncompress
USRDIR\009\ID02099,,2099,Uncompress
USRDIR\009\ID02100,,2100,Uncompress
USRDIR\009\ID02101,,2101,Uncompress
USRDIR\009\ID02102,,2102,Uncompress
USRDIR\009\ID02103,,2103,Uncompress
USRDIR\009\ID02104,,2104,Uncompress
USRDIR\009\ID02105,,2105,Uncompress
USRDIR\009\ID02106,,2106,Uncompress
USRDIR\009\ID02107,,2107,Uncompress
USRDIR\009\ID02108,,2108,Uncompress
USRDIR\009\ID02109,,2109,Uncompress
USRDIR\009\ID02110,,2110,Uncompress
USRDIR\009\ID02111,,2111,Uncompress
USRDIR\009\ID02112,,2112,Uncompress
USRDIR\009\ID02113,,2113,Uncompress
USRDIR\009\ID02114,,2114,Uncompress
USRDIR\009\ID02115,,2115,Uncompress
USRDIR\009\ID02116,,2116,Uncompress
USRDIR\009\ID02117,,2117,Uncompress
USRDIR\009\ID02118,,2118,Uncompress
USRDIR\009\ID02119,,2119,Uncompress
USRDIR\009\ID02120,,2120,Uncompress
USRDIR\009\ID02121,,2121,Uncompress
USRDIR\009\ID02122,,2122,Uncompress
USRDIR\009\ID02123,,2123,Uncompress
USRDIR\009\ID02124,,2124,Uncompress
USRDIR\009\ID02125,,2125,Uncompress
USRDIR\009\ID02126,,2126,Uncompress
USRDIR\009\ID02127,,2127,Uncompress
USRDIR\009\ID02128,,2128,Uncompress
USRDIR\009\ID02129,,2129,Uncompress
USRDIR\009\ID02130,,2130,Uncompress
USRDIR\009\ID02131,,2131,Uncompress
USRDIR\009\ID02132,,2132,Uncompress
USRDIR\009\ID02133,,2133,Uncompress
USRDIR\009\ID02134,,2134,Uncompress
USRDIR\009\ID02135,,2135,Uncompress
USRDIR\009\ID02136,,2136,Uncompress
USRDIR\009\ID02137,,2137,Uncompress
USRDIR\009\ID02138,,2138,Uncompress
USRDIR\009\ID02139,,2139,Uncompress
USRDIR\009\ID02140,,2140,Uncompress
USRDIR\009\ID02141,,2141,Uncompress
USRDIR\009\ID02142,,2142,Uncompress
USRDIR\009\ID02143,,2143,Uncompress
USRDIR\009\ID02144,,2144,Uncompress
USRDIR\009\ID02145,,2145,Uncompress
USRDIR\009\ID02146,,2146,Uncompress
USRDIR\009\ID02147,,2147,Uncompress
USRDIR\009\ID02148,,2148,Uncompress
USRDIR\009\ID02149,,2149,Uncompress
USRDIR\009\ID02150,,2150,Uncompress
USRDIR\009\ID02151,,2151,Uncompress
USRDIR\009\ID02152,,2152,Uncompress
USRDIR\009\ID02153,,2153,Uncompress
USRDIR\009\ID02154,,2154,Uncompress
USRDIR\009\ID02155,,2155,Uncompress
USRDIR\009\ID02156,,2156,Uncompress
USRDIR\009\ID02157,,2157,Uncompress
USRDIR\009\ID02158,,2158,Uncompress
USRDIR\009\ID02159,,2159,Uncompress
USRDIR\009\ID02160,,2160,Uncompress
USRDIR\009\ID02161,,2161,Uncompress
USRDIR\009\ID02162,,2162,Uncompress
USRDIR\009\ID02163,,2163,Uncompress
USRDIR\009\ID02164,,2164,Uncompress
USRDIR\009\ID02165,,2165,Uncompress
USRDIR\009\ID02166,,2166,Uncompress
USRDIR\009\ID02167,,2167,Uncompress
USRDIR\009\ID02168,,2168,Uncompress
USRDIR\009\ID02169,,2169,Uncompress
USRDIR\009\ID02170,,2170,Uncompress
USRDIR\009\ID02171,,2171,Uncompress
USRDIR\009\ID02172,,2172,Uncompress
USRDIR\009\ID02173,,2173,Uncompress
USRDIR\009\ID02174,,2174,Uncompress
USRDIR\009\ID02175,,2175,Uncompress
USRDIR\009\ID02176,,2176,Uncompress
USRDIR\009\ID02177,,2177,Uncompress
USRDIR\009\ID02178,,2178,Uncompress
USRDIR\009\ID02179,,2179,Uncompress
USRDIR\009\ID02180,,2180,Uncompress
USRDIR\009\ID02181,,2181,Uncompress
USRDIR\009\ID02182,,2182,Uncompress
USRDIR\009\ID02183,,2183,Uncompress
USRDIR\009\ID02184,,2184,Uncompress
USRDIR\009\ID02185,,2185,Uncompress
USRDIR\009\ID02186,,2186,Uncompress
USRDIR\009\ID02187,,2187,Uncompress
USRDIR\009\ID02188,,2188,Uncompress
USRDIR\009\ID02189,,2189,Uncompress
USRDIR\009\ID02190,,2190,Uncompress
USRDIR\009\ID02191,,2191,Uncompress
USRDIR\009\ID02192,,2192,Uncompress
USRDIR\009\ID02193,,2193,Uncompress
USRDIR\009\ID02194,,2194,Uncompress
USRDIR\009\ID02195,,2195,Uncompress
USRDIR\009\ID02196,,2196,Uncompress
USRDIR\009\ID02197,,2197,Uncompress
USRDIR\009\ID02198,,2198,Uncompress
USRDIR\009\ID02199,,2199,Uncompress
USRDIR\009\ID02200,,2200,Uncompress
USRDIR\009\ID02201,,2201,Uncompress
USRDIR\009\ID02202,,2202,Uncompress
USRDIR\009\ID02203,,2203,Uncompress
USRDIR\009\ID02204,,2204,Uncompress
USRDIR\009\ID02205,,2205,Uncompress
USRDIR\009\ID02206,,2206,Uncompress
USRDIR\009\ID02207,,2207,Uncompress
USRDIR\009\ID02208,,2208,Uncompress
USRDIR\009\ID02209,,2209,Uncompress
USRDIR\009\ID02210,,2210,Uncompress
USRDIR\009\ID02211,,2211,Uncompress
USRDIR\009\ID02212,,2212,Uncompress
USRDIR\009\ID02213,,2213,Uncompress
USRDIR\009\ID02214,,2214,Uncompress
USRDIR\009\ID02215,,2215,Uncompress
USRDIR\009\ID02216,,2216,Uncompress
USRDIR\009\ID02217,,2217,Uncompress
USRDIR\009\ID02218,,2218,Uncompress
USRDIR\009\ID02219,,2219,Uncompress
USRDIR\009\ID02220,,2220,Uncompress
USRDIR\009\ID02221,,2221,Uncompress
USRDIR\009\ID02222,,2222,Uncompress
USRDIR\009\ID02223,,2223,Uncompress
USRDIR\009\ID02224,,2224,Uncompress
USRDIR\009\ID02225,,2225,Uncompress
USRDIR\009\ID02226,,2226,Uncompress
USRDIR\009\ID02227,,2227,Uncompress
USRDIR\009\ID02228,,2228,Uncompress
USRDIR\009\ID02229,,2229,Uncompress
USRDIR\009\ID02230,,2230,Uncompress
USRDIR\009\ID02231,,2231,Uncompress
USRDIR\009\ID02232,,2232,Uncompress
USRDIR\009\ID02233,,2233,Uncompress
USRDIR\009\ID02234,,2234,Uncompress
USRDIR\009\ID02235,,2235,Uncompress
USRDIR\009\ID02236,,2236,Uncompress
USRDIR\009\ID02237,,2237,Uncompress
USRDIR\009\ID02238,,2238,Uncompress
USRDIR\009\ID02239,,2239,Uncompress
USRDIR\009\ID02240,,2240,Uncompress
USRDIR\009\ID02241,,2241,Uncompress
USRDIR\009\ID02242,,2242,Uncompress
USRDIR\009\ID02243,,2243,Uncompress
USRDIR\009\ID02244,,2244,Uncompress
USRDIR\009\ID02245,,2245,Uncompress
USRDIR\009\ID02246,,2246,Uncompress
USRDIR\009\ID02247,,2247,Uncompress
USRDIR\009\ID02248,,2248,Uncompress
USRDIR\009\ID02249,,2249,Uncompress
USRDIR\009\ID02250,,2250,Uncompress
USRDIR\009\ID02251,,2251,Uncompress
USRDIR\009\ID02252,,2252,Uncompress
USRDIR\009\ID02253,,2253,Uncompress
USRDIR\009\ID02254,,2254,Uncompress
USRDIR\009\ID02255,,2255,Uncompress
USRDIR\009\ID02256,,2256,Uncompress
USRDIR\009\ID02257,,2257,Uncompress
USRDIR\009\ID02258,,2258,Uncompress
USRDIR\009\ID02259,,2259,Uncompress
USRDIR\009\ID02260,,2260,Uncompress
USRDIR\009\ID02261,,2261,Uncompress
USRDIR\009\ID02262,,2262,Uncompress
USRDIR\009\ID02263,,2263,Uncompress
USRDIR\009\ID02264,,2264,Uncompress
USRDIR\009\ID02265,,2265,Uncompress
USRDIR\009\ID02266,,2266,Uncompress
USRDIR\009\ID02267,,2267,Uncompress
USRDIR\009\ID02268,,2268,Uncompress
USRDIR\009\ID02269,,2269,Uncompress
USRDIR\009\ID02270,,2270,Uncompress
USRDIR\009\ID02271,,2271,Uncompress
USRDIR\009\ID02272,,2272,Uncompress
USRDIR\009\ID02273,,2273,Uncompress
USRDIR\009\ID02274,,2274,Uncompress
USRDIR\009\ID02275,,2275,Uncompress
USRDIR\009\ID02276,,2276,Uncompress
USRDIR\009\ID02277,,2277,Uncompress
USRDIR\009\ID02278,,2278,Uncompress
USRDIR\009\ID02279,,2279,Uncompress
USRDIR\009\ID02280,,2280,Uncompress
USRDIR\009\ID02281,,2281,Uncompress
USRDIR\009\ID02282,,2282,Uncompress
USRDIR\009\ID02283,,2283,Uncompress
USRDIR\009\ID02284,,2284,Uncompress
USRDIR\009\ID02285,,2285,Uncompress
USRDIR\009\ID02286,,2286,Uncompress
USRDIR\009\ID02287,,2287,Uncompress
USRDIR\009\ID02288,,2288,Uncompress
USRDIR\009\ID02289,,2289,Uncompress
USRDIR\009\ID02290,,2290,Uncompress
USRDIR\009\ID02291,,2291,Uncompress
USRDIR\009\ID02292,,2292,Uncompress
USRDIR\009\ID02293,,2293,Uncompress
USRDIR\009\ID02294,,2294,Uncompress
USRDIR\009\ID02295,,2295,Uncompress
USRDIR\009\ID02296,,2296,Uncompress
USRDIR\009\ID02297,,2297,Uncompress
USRDIR\009\ID02298,,2298,Uncompress
USRDIR\009\ID02299,,2299,Uncompress
USRDIR\009\ID02300,,2300,Uncompress
USRDIR\009\ID02301,,2301,Uncompress
USRDIR\009\ID02302,,2302,Uncompress
USRDIR\009\ID02303,,2303,Uncompress
USRDIR\009\ID02304,,2304,Uncompress
USRDIR\009\ID02305,,2305,Uncompress
USRDIR\009\ID02306,,2306,Uncompress
USRDIR\009\ID02307,,2307,Uncompress
USRDIR\009\ID02308,,2308,Uncompress
USRDIR\009\ID02309,,2309,Uncompress
USRDIR\009\ID02310,,2310,Uncompress
USRDIR\009\ID02311,,2311,Uncompress
USRDIR\009\ID02312,,2312,Uncompress
USRDIR\009\ID02313,,2313,Uncompress
USRDIR\009\ID02314,,2314,Uncompress
USRDIR\009\ID02315,,2315,Uncompress
USRDIR\009\ID02316,,2316,Uncompress
USRDIR\009\ID02317,,2317,Uncompress
USRDIR\009\ID02318,,2318,Uncompress
USRDIR\009\ID02319,,2319,Uncompress
USRDIR\009\ID02320,,2320,Uncompress
USRDIR\009\ID02321,,2321,Uncompress
USRDIR\009\ID02322,,2322,Uncompress
USRDIR\009\ID02323,,2323,Uncompress
USRDIR\009\ID02324,,2324,Uncompress
USRDIR\009\ID02325,,2325,Uncompress
USRDIR\009\ID02326,,2326,Uncompress
USRDIR\009\ID02327,,2327,Uncompress
USRDIR\009\ID02328,,2328,Uncompress
USRDIR\009\ID02329,,2329,Uncompress
USRDIR\009\ID02330,,2330,Uncompress
USRDIR\009\ID02331,,2331,Uncompress
USRDIR\009\ID02332,,2332,Uncompress
USRDIR\009\ID02333,,2333,Uncompress
USRDIR\009\ID02334,,2334,Uncompress
USRDIR\009\ID02335,,2335,Uncompress
USRDIR\009\ID02336,,2336,Uncompress
USRDIR\009\ID02337,,2337,Uncompress
USRDIR\009\ID02338,,2338,Uncompress
USRDIR\009\ID02339,,2339,Uncompress
USRDIR\009\ID02340,,2340,Uncompress
USRDIR\009\ID02341,,2341,Uncompress
USRDIR\009\ID02342,,2342,Uncompress
USRDIR\009\ID02343,,2343,Uncompress
USRDIR\009\ID02344,,2344,Uncompress
USRDIR\009\ID02345,,2345,Uncompress
USRDIR\009\ID02346,,2346,Uncompress
USRDIR\009\ID02347,,2347,Uncompress
USRDIR\009\ID02348,,2348,Uncompress
USRDIR\009\ID02349,,2349,Uncompress
USRDIR\009\ID02350,,2350,Uncompress
USRDIR\009\ID02351,,2351,Uncompress
USRDIR\009\ID02352,,2352,Uncompress
USRDIR\009\ID02353,,2353,Uncompress
USRDIR\009\ID02354,,2354,Uncompress
USRDIR\009\ID02355,,2355,Uncompress
USRDIR\009\ID02356,,2356,Uncompress
USRDIR\009\ID02357,,2357,Uncompress
USRDIR\009\ID02358,,2358,Uncompress
USRDIR\009\ID02359,,2359,Uncompress
USRDIR\009\ID02360,,2360,Uncompress
USRDIR\009\ID02361,,2361,Uncompress
USRDIR\009\ID02362,,2362,Uncompress
USRDIR\009\ID02363,,2363,Uncompress
USRDIR\009\ID02364,,2364,Uncompress
USRDIR\009\ID02365,,2365,Uncompress
USRDIR\009\ID02366,,2366,Uncompress
USRDIR\009\ID02367,,2367,Uncompress
USRDIR\009\ID02368,,2368,Uncompress
USRDIR\009\ID02369,,2369,Uncompress
USRDIR\009\ID02370,,2370,Uncompress
USRDIR\009\ID02371,,2371,Uncompress
USRDIR\009\ID02372,,2372,Uncompress
USRDIR\009\ID02373,,2373,Uncompress
USRDIR\009\ID02374,,2374,Uncompress
USRDIR\009\ID02375,,2375,Uncompress
USRDIR\009\ID02376,,2376,Uncompress
USRDIR\009\ID02377,,2377,Uncompress
USRDIR\009\ID02378,,2378,Uncompress
USRDIR\009\ID02379,,2379,Uncompress
USRDIR\009\ID02380,,2380,Uncompress
USRDIR\009\ID02381,,2381,Uncompress
USRDIR\009\ID02382,,2382,Uncompress
USRDIR\009\ID02383,,2383,Uncompress
USRDIR\009\ID02384,,2384,Uncompress
USRDIR\009\ID02385,,2385,Uncompress
USRDIR\009\ID02386,,2386,Uncompress
USRDIR\009\ID02387,,2387,Uncompress
USRDIR\009\ID02388,,2388,Uncompress
USRDIR\009\ID02389,,2389,Uncompress
USRDIR\009\ID02390,,2390,Uncompress
USRDIR\009\ID02391,,2391,Uncompress
USRDIR\009\ID02392,,2392,Uncompress
USRDIR\009\ID02393,,2393,Uncompress
USRDIR\009\ID02394,,2394,Uncompress
USRDIR\009\ID02395,,2395,Uncompress
USRDIR\009\ID02396,,2396,Uncompress
USRDIR\009\ID02397,,2397,Uncompress
USRDIR\009\ID02398,,2398,Uncompress
USRDIR\009\ID02399,,2399,Uncompress
USRDIR\009\ID02400,,2400,Uncompress
USRDIR\009\ID02401,,2401,Uncompress
USRDIR\009\ID02402,,2402,Uncompress
USRDIR\009\ID02403,,2403,Uncompress
USRDIR\009\ID02404,,2404,Uncompress
USRDIR\009\ID02405,,2405,Uncompress
USRDIR\009\ID02406,,2406,Uncompress
USRDIR\009\ID02407,,2407,Uncompress
USRDIR\009\ID02408,,2408,Uncompress
USRDIR\009\ID02409,,2409,Uncompress
USRDIR\009\ID02410,,2410,Uncompress
USRDIR\009\ID02411,,2411,Uncompress
USRDIR\009\ID02412,,2412,Uncompress
USRDIR\009\ID02413,,2413,Uncompress
USRDIR\009\ID02414,,2414,Uncompress
USRDIR\009\ID02415,,2415,Uncompress
USRDIR\009\ID02416,,2416,Uncompress
USRDIR\009\ID02417,,2417,Uncompress
USRDIR\009\ID02418,,2418,Uncompress
USRDIR\009\ID02419,,2419,Uncompress
USRDIR\009\ID02420,,2420,Uncompress
USRDIR\009\ID02421,,2421,Uncompress
USRDIR\009\ID02422,,2422,Uncompress
USRDIR\009\ID02423,,2423,Uncompress
USRDIR\009\ID02424,,2424,Uncompress
USRDIR\009\ID02425,,2425,Uncompress
USRDIR\009\ID02426,,2426,Uncompress
USRDIR\009\ID02427,,2427,Uncompress
USRDIR\009\ID02428,,2428,Uncompress
USRDIR\009\ID02429,,2429,Uncompress
USRDIR\009\ID02430,,2430,Uncompress
USRDIR\009\ID02431,,2431,Uncompress
USRDIR\009\ID02432,,2432,Uncompress
USRDIR\009\ID02433,,2433,Uncompress
USRDIR\009\ID02434,,2434,Uncompress
USRDIR\009\ID02435,,2435,Uncompress
USRDIR\009\ID02436,,2436,Uncompress
USRDIR\009\ID02437,,2437,Uncompress
USRDIR\009\ID02438,,2438,Uncompress
USRDIR\009\ID02439,,2439,Uncompress
USRDIR\009\ID02440,,2440,Uncompress
USRDIR\009\ID02441,,2441,Uncompress
USRDIR\009\ID02442,,2442,Uncompress
USRDIR\009\ID02443,,2443,Uncompress
USRDIR\009\ID02444,,2444,Uncompress
USRDIR\009\ID02445,,2445,Uncompress
USRDIR\009\ID02446,,2446,Uncompress
USRDIR\009\ID02447,,2447,Uncompress
USRDIR\009\ID02448,,2448,Uncompress
USRDIR\009\ID02449,,2449,Uncompress
USRDIR\009\ID02450,,2450,Uncompress
USRDIR\009\ID02451,,2451,Uncompress
USRDIR\009\ID02452,,2452,Uncompress
USRDIR\009\ID02453,,2453,Uncompress
USRDIR\009\ID02454,,2454,Uncompress
USRDIR\009\ID02455,,2455,Uncompress
USRDIR\009\ID02456,,2456,Uncompress
USRDIR\009\ID02457,,2457,Uncompress
USRDIR\009\ID02458,,2458,Uncompress
USRDIR\009\ID02459,,2459,Uncompress
USRDIR\009\ID02460,,2460,Uncompress
USRDIR\009\ID02461,,2461,Uncompress
USRDIR\009\ID02462,,2462,Uncompress
USRDIR\009\ID02463,,2463,Uncompress
USRDIR\009\ID02464,,2464,Uncompress
USRDIR\009\ID02465,,2465,Uncompress
USRDIR\009\ID02466,,2466,Uncompress
USRDIR\009\ID02467,,2467,Uncompress
USRDIR\009\ID02468,,2468,Uncompress
USRDIR\009\ID02469,,2469,Uncompress
USRDIR\009\ID02470,,2470,Uncompress
USRDIR\009\ID02471,,2471,Uncompress
USRDIR\009\ID02472,,2472,Uncompress
USRDIR\009\ID02473,,2473,Uncompress
USRDIR\009\ID02474,,2474,Uncompress
USRDIR\009\ID02475,,2475,Uncompress
USRDIR\009\ID02476,,2476,Uncompress
USRDIR\009\ID02477,,2477,Uncompress
USRDIR\009\ID02478,,2478,Uncompress
USRDIR\009\ID02479,,2479,Uncompress
USRDIR\009\ID02480,,2480,Uncompress
USRDIR\009\ID02481,,2481,Uncompress
USRDIR\009\ID02482,,2482,Uncompress
USRDIR\009\ID02483,,2483,Uncompress
USRDIR\009\ID02484,,2484,Uncompress
USRDIR\009\ID02485,,2485,Uncompress
USRDIR\009\ID02486,,2486,Uncompress
USRDIR\009\ID02487,,2487,Uncompress
USRDIR\009\ID02488,,2488,Uncompress
USRDIR\009\ID02489,,2489,Uncompress
USRDIR\009\ID02490,,2490,Uncompress
USRDIR\009\ID02491,,2491,Uncompress
USRDIR\009\ID02492,,2492,Uncompress
USRDIR\009\ID02493,,2493,Uncompress
USRDIR\009\ID02494,,2494,Uncompress
USRDIR\009\ID02495,,2495,Uncompress
USRDIR\009\ID02496,,2496,Uncompress
USRDIR\009\ID02497,,2497,Uncompress
USRDIR\009\ID02498,,2498,Uncompress
USRDIR\009\ID02499,,2499,Uncompress
USRDIR\009\ID02500,,2500,Uncompress
USRDIR\009\ID02501,,2501,Uncompress
USRDIR\009\ID02502,,2502,Uncompress
USRDIR\009\ID02503,,2503,Uncompress
USRDIR\009\ID02504,,2504,Uncompress
USRDIR\009\ID02505,,2505,Uncompress
USRDIR\009\ID02506,,2506,Uncompress
USRDIR\009\ID02507,,2507,Uncompress
USRDIR\009\ID02508,,2508,Uncompress
USRDIR\009\ID02509,,2509,Uncompress
USRDIR\009\ID02510,,2510,Uncompress
USRDIR\009\ID02511,,2511,Uncompress
USRDIR\009\ID02512,,2512,Uncompress
USRDIR\009\ID02513,,2513,Uncompress
USRDIR\009\ID02514,,2514,Uncompress
USRDIR\009\ID02515,,2515,Uncompress
USRDIR\009\ID02516,,2516,Uncompress
USRDIR\009\ID02517,,2517,Uncompress
USRDIR\009\ID02518,,2518,Uncompress
USRDIR\009\ID02519,,2519,Uncompress
USRDIR\009\ID02520,,2520,Uncompress
USRDIR\009\ID02521,,2521,Uncompress
USRDIR\009\ID02522,,2522,Uncompress
USRDIR\009\ID02523,,2523,Uncompress
USRDIR\009\ID02524,,2524,Uncompress
USRDIR\009\ID02525,,2525,Uncompress
USRDIR\009\ID02526,,2526,Uncompress
USRDIR\009\ID02527,,2527,Uncompress
USRDIR\009\ID02528,,2528,Uncompress
USRDIR\009\ID02529,,2529,Uncompress
USRDIR\009\ID02530,,2530,Uncompress
USRDIR\009\ID02531,,2531,Uncompress
USRDIR\009\ID02532,,2532,Uncompress
USRDIR\009\ID02533,,2533,Uncompress
USRDIR\009\ID02534,,2534,Uncompress
USRDIR\009\ID02535,,2535,Uncompress
USRDIR\009\ID02536,,2536,Uncompress
USRDIR\009\ID02537,,2537,Uncompress
USRDIR\009\ID02538,,2538,Uncompress
USRDIR\009\ID02539,,2539,Uncompress
USRDIR\009\ID02540,,2540,Uncompress
USRDIR\009\ID02541,,2541,Uncompress
USRDIR\009\ID02542,,2542,Uncompress
USRDIR\009\ID02543,,2543,Uncompress
USRDIR\009\ID02544,,2544,Uncompress
USRDIR\009\ID02545,,2545,Uncompress
USRDIR\009\ID02546,,2546,Uncompress
USRDIR\009\ID02547,,2547,Uncompress
USRDIR\009\ID02548,,2548,Uncompress
USRDIR\009\ID02549,,2549,Uncompress
USRDIR\009\ID02550,,2550,Uncompress
USRDIR\009\ID02551,,2551,Uncompress
USRDIR\009\ID02552,,2552,Uncompress
USRDIR\009\ID02553,,2553,Uncompress
USRDIR\009\ID02554,,2554,Uncompress
USRDIR\009\ID02555,,2555,Uncompress
USRDIR\009\ID02556,,2556,Uncompress
USRDIR\009\ID02557,,2557,Uncompress
USRDIR\009\ID02558,,2558,Uncompress
USRDIR\009\ID02559,,2559,Uncompress
USRDIR\009\ID02560,,2560,Uncompress
USRDIR\009\ID02561,,2561,Uncompress
USRDIR\009\ID02562,,2562,Uncompress
USRDIR\009\ID02563,,2563,Uncompress
USRDIR\009\ID02564,,2564,Uncompress
USRDIR\009\ID02565,,2565,Uncompress
USRDIR\009\ID02566,,2566,Uncompress
USRDIR\009\ID02567,,2567,Uncompress
USRDIR\009\ID02568,,2568,Uncompress
USRDIR\009\ID02569,,2569,Uncompress
USRDIR\009\ID02570,,2570,Uncompress
USRDIR\009\ID02571,,2571,Uncompress
USRDIR\009\ID02572,,2572,Uncompress
USRDIR\009\ID02573,,2573,Uncompress
USRDIR\009\ID02574,,2574,Uncompress
USRDIR\009\ID02575,,2575,Uncompress
USRDIR\009\ID02576,,2576,Uncompress
USRDIR\009\ID02577,,2577,Uncompress
USRDIR\009\ID02578,,2578,Uncompress
USRDIR\009\ID02579,,2579,Uncompress
USRDIR\009\ID02580,,2580,Uncompress
USRDIR\009\ID02581,,2581,Uncompress
USRDIR\009\ID02582,,2582,Uncompress
USRDIR\009\ID02583,,2583,Uncompress
USRDIR\009\ID02584,,2584,Uncompress
USRDIR\009\ID02585,,2585,Uncompress
USRDIR\009\ID02586,,2586,Uncompress
USRDIR\009\ID02587,,2587,Uncompress
USRDIR\009\ID02588,,2588,Uncompress
USRDIR\009\ID02589,,2589,Uncompress
USRDIR\009\ID02590,,2590,Uncompress
USRDIR\009\ID02591,,2591,Uncompress
USRDIR\009\ID02592,,2592,Uncompress
USRDIR\009\ID02593,,2593,Uncompress
USRDIR\009\ID02594,,2594,Uncompress
USRDIR\009\ID02595,,2595,Uncompress
USRDIR\009\ID02596,,2596,Uncompress
USRDIR\009\ID02597,,2597,Uncompress
USRDIR\009\ID02598,,2598,Uncompress
USRDIR\009\ID02599,,2599,Uncompress
USRDIR\009\ID02600,,2600,Uncompress
USRDIR\009\ID02601,,2601,Uncompress
USRDIR\009\ID02602,,2602,Uncompress
USRDIR\009\ID02603,,2603,Uncompress
USRDIR\009\ID02604,,2604,Uncompress
USRDIR\009\ID02605,,2605,Uncompress
USRDIR\009\ID02606,,2606,Uncompress
USRDIR\009\ID02607,,2607,Uncompress
USRDIR\009\ID02608,,2608,Uncompress
USRDIR\009\ID02609,,2609,Uncompress
USRDIR\009\ID02610,,2610,Uncompress
USRDIR\009\ID02611,,2611,Uncompress
USRDIR\009\ID02612,,2612,Uncompress
USRDIR\009\ID02613,,2613,Uncompress
USRDIR\009\ID02614,,2614,Uncompress
USRDIR\009\ID02615,,2615,Uncompress
USRDIR\009\ID02616,,2616,Uncompress
USRDIR\009\ID02617,,2617,Uncompress
USRDIR\009\ID02618,,2618,Uncompress
USRDIR\009\ID02619,,2619,Uncompress
USRDIR\009\ID02620,,2620,Uncompress
USRDIR\009\ID02621,,2621,Uncompress
USRDIR\009\ID02622,,2622,Uncompress
USRDIR\009\ID02623,,2623,Uncompress
USRDIR\009\ID02624,,2624,Uncompress
USRDIR\009\ID02625,,2625,Uncompress
USRDIR\009\ID02626,,2626,Uncompress
USRDIR\009\ID02627,,2627,Uncompress
USRDIR\009\ID02628,,2628,Uncompress
USRDIR\009\ID02629,,2629,Uncompress
USRDIR\009\ID02630,,2630,Uncompress
USRDIR\009\ID02631,,2631,Uncompress
USRDIR\009\ID02632,,2632,Uncompress
USRDIR\009\ID02633,,2633,Uncompress
USRDIR\009\ID02634,,2634,Uncompress
USRDIR\009\ID02635,,2635,Uncompress
USRDIR\009\ID02636,,2636,Uncompress
USRDIR\009\ID02637,,2637,Uncompress
USRDIR\009\ID02638,,2638,Uncompress
USRDIR\009\ID02639,,2639,Uncompress
USRDIR\009\ID02640,,2640,Uncompress
USRDIR\009\ID02641,,2641,Uncompress
USRDIR\009\ID02642,,2642,Uncompress
USRDIR\009\ID02643,,2643,Uncompress
USRDIR\009\ID02644,,2644,Uncompress
USRDIR\009\ID02645,,2645,Uncompress
USRDIR\009\ID02646,,2646,Uncompress
USRDIR\009\ID02647,,2647,Uncompress
USRDIR\009\ID02648,,2648,Uncompress
USRDIR\009\ID02649,,2649,Uncompress
USRDIR\009\ID02650,,2650,Uncompress
USRDIR\009\ID02651,,2651,Uncompress
USRDIR\009\ID02652,,2652,Uncompress
USRDIR\009\ID02653,,2653,Compress
